Date,AALB.AS,ABN.AS,AD.AS,ADYEN.AS,AGN.AS,AKZA.AS,ASML.AS,ASRNL.AS,GLPG.AS,HEIA.AS,IMCD.AS,INGA.AS,KPN.AS,MT.AS,NN.AS,PHIA.AS,RAND.AS,REL.L,TKWY.AS,UNA.AS,URW.AS,VPK.AS,WKL.AS
2004-01-01,3.8794867992401123,,,,5.202398300170898,15.428986549377441,17.537731170654297,,,19.707653045654297,,6.497359752655029,1.1261221170425415,,,12.256397247314453,10.778724670410156,281.13031005859375,,,,4.371837615966797,7.425711631774902
2004-02-01,3.9772894382476807,,,,5.0870747566223145,14.533272743225098,16.845745086669922,,,21.693010330200195,,6.377458572387695,1.0801926851272583,,,12.367684364318848,11.363055229187012,295.9031677246094,,,,4.452371597290039,7.7549052238464355
2004-03-01,3.8387346267700195,,,,4.442113399505615,14.008023262023926,16.91381072998047,,,20.678129196166992,,5.794154167175293,1.0801926851272583,,,11.902314186096191,10.479315757751465,287.3976135253906,,,,4.110103130340576,7.5066609382629395
2004-04-01,4.066940784454346,,,,4.664218902587891,14.256575584411621,15.064751625061035,,,22.327302932739258,,5.794154167175293,1.022355318069458,,,11.673808097839355,10.764235496520996,313.3620300292969,,,,4.170502662658691,7.58221435546875
2004-05-01,3.848662853240967,,,,4.314871788024902,14.208175659179688,16.289894104003906,,,17.370826721191406,,6.15665340423584,1.1192649602890015,,,11.493975639343262,10.416537284851074,319.027099609375,,,,3.87137770652771,7.822673320770264
2004-06-01,4.098576068878174,,,,4.306180000305176,14.584491729736328,15.779422760009766,,,17.31696891784668,,6.456166744232178,1.179561972618103,,,11.370659828186035,11.01053237915039,325.0921936035156,,,,4.045673847198486,8.372617721557617
2004-07-01,4.348489761352539,,,,4.1484293937683105,13.295042037963867,13.465254783630371,,,16.68866539001465,,6.41623067855835,1.1569504737854004,,,10.348174095153809,11.1131591796875,295.3730163574219,,,,4.28453254699707,7.84512186050415
2004-08-01,4.5400896072387695,,,,3.920156955718994,13.406559944152832,11.91113567352295,,,15.925721168518066,,6.672480583190918,1.1889832019805908,,,9.73160171508789,12.251842498779297,298.40545654296875,,,,4.180031776428223,7.575758934020996
2004-09-01,4.873307228088379,,,,3.9072840213775635,13.784757614135742,11.752321243286133,,,15.541035652160645,,6.936182498931885,1.1512233018875122,,,9.47469425201416,14.250648498535156,296.18646240234375,,,,4.174060344696045,7.603817462921143
2004-10-01,4.863310813903809,,,,3.862269401550293,14.298710823059082,12.671178817749023,,,15.902113914489746,,7.082963466644287,1.1970431804656982,,,9.531213760375977,12.906709671020508,297.1025390625,,,,4.257660388946533,8.019082069396973
2004-11-01,5.139880657196045,,,,4.186376094818115,15.246110916137695,13.09090518951416,,,15.359987258911133,,7.065897464752197,1.2466809749603271,,,9.967954635620117,14.12358570098877,293.4381103515625,,,,4.851822853088379,8.10325813293457
2004-12-01,5.947933673858643,,,,4.514983654022217,15.373488426208496,13.397192001342773,,,15.831114768981934,,7.598397254943848,1.3345030546188354,,,10.024473190307617,14.148018836975098,293.4381103515625,,,,4.678650379180908,8.288443565368652
2005-01-01,5.814647674560547,,,,4.681539058685303,15.691936492919922,14.213957786560059,,,16.947620391845703,,7.536955833435059,1.4070507287979126,,,10.3070707321167,14.661162376403809,294.6595764160156,,,,5.353426456451416,7.7609477043151855
2005-02-01,6.284483432769775,,,,4.906612873077393,16.68155860900879,15.847485542297363,,,16.63783836364746,,7.936331748962402,1.3955957889556885,,,10.733535766601562,16.410722732543945,323.3625793457031,,,,5.299683570861816,8.193044662475586
2005-03-01,6.6393585205078125,,,,4.68604040145874,17.254756927490234,14.781153678894043,,,17.250947952270508,,7.953399181365967,1.3173201084136963,,,10.712979316711426,16.78214454650879,334.9656677246094,,,,5.451956748962402,7.906847953796387
2005-04-01,6.14453125,,,,4.343928337097168,15.530264854431152,12.603117942810059,,,15.863384246826172,,7.202434539794922,1.231407880783081,,,9.82408618927002,15.345348358154297,312.3695983886719,,,,5.50868558883667,7.716053485870361
2005-05-01,6.0740647315979,,,,4.778292655944824,16.073240280151367,14.815181732177734,,,16.779220581054688,,7.8907036781311035,1.2829551696777344,,,10.8491849899292,14.201777458190918,326.3759460449219,,,,5.550484657287598,8.316397666931152
2005-06-01,6.430365085601807,,,,4.925458908081055,16.41072654724121,14.76980972290039,,7.099999904632568,16.635927200317383,,8.203103065490723,1.3804203271865845,,,10.948720932006836,14.28795337677002,332.2818298339844,,,,6.401735782623291,9.226183891296387
2005-07-01,7.4941725730896,,,,5.435940742492676,17.184120178222656,16.369300842285156,,7.579999923706055,17.098390579223633,,8.768230438232422,1.4281580448150635,,,11.729273796081543,16.824371337890625,326.9976806640625,,,,6.779211521148682,9.354490280151367
2005-08-01,7.125998497009277,,,,5.228986740112305,16.809452056884766,15.405067443847656,,7.989999771118164,18.478551864624023,,8.262775421142578,1.5700154304504395,28.52583885192871,,11.179215431213379,15.408575057983398,323.2679443359375,,,,7.165891647338867,8.864603996276855
2005-09-01,7.473815441131592,,,,5.785935878753662,18.36381721496582,15.495819091796875,,9.489999771118164,18.845441818237305,,8.898065567016602,1.5572580099105835,30.146913528442383,,11.582592010498047,15.978897094726562,328.2757568359375,,,,7.208858013153076,9.027899742126465
2005-10-01,6.885071754455566,,,,5.879636764526367,18.222057342529297,15.994953155517578,,8.449999809265137,18.760269165039062,,8.635934829711914,1.6574560403823853,26.57805061340332,,11.420195579528809,15.978897094726562,322.9558410644531,,,,7.178169250488281,9.022066116333008
2005-11-01,7.202347278594971,,,,6.315335750579834,19.458534240722656,18.43390464782715,,8.350000381469727,18.4692440032959,,9.881951332092285,1.7555677890777588,29.443187713623047,,12.431248664855957,17.544769287109375,322.3299560546875,,,,7.604745864868164,9.891030311584473
2005-12-01,7.6095499992370605,,,,6.441832542419434,19.989540100097656,19.1712589263916,,9.140000343322754,19.008703231811523,,10.5211181640625,1.7680922746658325,28.123708724975586,,13.75137996673584,18.35521697998047,341.73223876953125,,,,7.8563971519470215,9.961015701293945
2006-01-01,8.975364685058594,,,,6.231008052825928,20.341846466064453,21.043012619018555,,8.75,20.548986434936523,,10.546255111694336,1.6595441102981567,36.694034576416016,,14.55289363861084,20.861616134643555,331.7184143066406,,,,8.528487205505371,10.625858306884766
2006-02-01,10.137580871582031,,,,6.488680839538574,21.751073837280273,19.749805450439453,,9.390000343322754,22.429983139038086,,11.32187557220459,1.8119295835494995,35.06039810180664,,14.311914443969727,23.50308609008789,322.3299560546875,,,,8.197047233581543,10.742499351501465
2006-03-01,10.324214935302734,,,,7.153945446014404,22.358675003051758,19.114540100097656,,10.170000076293945,22.231239318847656,,11.70609188079834,1.94135320186615,39.697410583496094,,14.610517501831055,24.46862030029297,345.4873962402344,,,,8.562246322631836,12.002205848693848
2006-04-01,10.960463523864746,,,,6.77915096282959,23.30326271057129,19.057819366455078,,9.75,22.791988372802734,,11.584002494812012,1.943440556526184,36.73174285888672,,14.554644584655762,26.364681243896484,341.1063232421875,,,,9.492124557495117,12.043030738830566
2006-05-01,9.945064544677734,,,,6.090459823608398,21.939128875732422,17.91208267211914,,8.75,22.30997657775879,,11.183566093444824,1.934498906135559,32.308345794677734,,13.059267044067383,24.013370513916016,331.8141174316406,,,,8.485522270202637,11.03398323059082
2006-06-01,9.876299858093262,,,,6.3649725914001465,21.954755783081055,17.968801498413086,,8.949999809265137,23.71194839477539,,11.256826400756836,1.8999156951904297,32.82748031616211,,13.000730514526367,23.29754066467285,348.404541015625,,,,8.634610176086426,11.063932418823242
2006-07-01,9.721580505371094,,,,6.326888561248779,22.783004760742188,17.50370216369629,,8.460000038146973,26.32992172241211,,11.641458511352539,1.9215303659439087,36.09800720214844,,13.756399154663086,21.808408737182617,340.7472229003906,,,,9.022680282592773,11.045964241027832
2006-08-01,11.071083068847656,,,,6.636329174041748,23.51523780822754,19.352764129638672,,8.399999618530273,25.900741577148438,,12.363094329833984,2.081477403640747,35.33805847167969,,14.166166305541992,21.320497512817383,359.5711364746094,,,,9.072754859924316,11.824692726135254
2006-09-01,10.048212051391602,,,,7.166159152984619,25.408586502075195,20.91822624206543,,8.380000114440918,25.800600051879883,,12.943793296813965,2.212777853012085,37.34650802612305,,14.72493839263916,22.824880599975586,380.926513671875,,,,9.535937309265137,12.321880340576172
2006-10-01,10.572541236877441,,,,6.982038974761963,22.981754302978516,20.328336715698242,,8.329999923706055,25.513437271118164,,12.951254844665527,2.302961587905884,45.63819885253906,,14.565284729003906,25.08144760131836,383.8199462890625,,,,9.388846397399902,12.902934074401855
2006-11-01,10.52956485748291,,,,6.633177757263184,22.800676345825195,21.28122901916504,,8.699999809265137,26.440275192260742,,12.01097297668457,2.2765660285949707,42.17767333984375,,14.948444366455078,24.608789443969727,357.4604797363281,,,,10.15560245513916,12.669310569763184
2006-12-01,11.260186195373535,,,,6.996572494506836,24.33863067626953,21.37198257446289,,10.0,25.887039184570312,,12.533354759216309,2.368948459625244,43.38545608520508,,15.203882217407227,26.631568908691406,360.3539123535156,,,,11.138301849365234,13.052689552307129
2007-01-01,12.179911613464355,,,,7.292135715484619,25.434160232543945,21.984560012817383,,9.520000457763672,27.92754554748535,,12.51842975616455,2.4305367469787598,48.42020034790039,,15.879729270935059,26.097919464111328,373.5335998535156,,,,12.559146881103516,13.783493041992188
2007-02-01,12.51513957977295,,,,7.243681907653809,24.538766860961914,21.11107063293457,,9.079999923706055,26.763593673706055,,12.040822982788086,2.564711093902588,51.98927688598633,,14.778152465820312,26.911104202270508,381.56951904296875,,,,11.829944610595703,13.699633598327637
2007-03-01,12.711119651794434,,,,7.22914457321167,29.942672729492188,20.974946975708008,,9.520000457763672,28.135908126831055,,11.809486389160156,2.564711093902588,54.39982604980469,,15.21452808380127,29.508190155029297,390.570556640625,,,,13.144381523132324,13.454031944274902
2007-04-01,13.44517707824707,,,,7.379350185394287,30.975006103515625,22.676536560058594,,9.0,28.26523208618164,,12.552009582519531,2.749476432800293,54.31769561767578,,16.449586868286133,29.340463638305664,410.17950439453125,,,,13.857938766479492,13.046695709228516
2007-05-01,14.535937309265137,,,,7.533810615539551,32.43305969238281,21.83708381652832,,8.930000305175781,31.463693618774414,,12.622103691101074,3.1094329357147217,62.242862701416016,,17.166675567626953,30.76860809326172,446.9695129394531,,,,14.380611419677734,14.242029190063477
2007-06-01,14.19416332244873,,,,7.237204074859619,34.20310974121094,23.25507164001465,,8.489999771118164,31.601755142211914,,12.500114440917969,3.0379245281219482,65.42530059814453,,17.144947052001953,30.561260223388672,423.3934326171875,,,,13.429118156433105,13.940444946289062
2007-07-01,14.291808128356934,,,,6.643989562988281,32.48661804199219,24.843229293823242,,8.020000457763672,33.90520477294922,,11.93972396850586,2.774078607559204,64.286865234375,,16.24858283996582,25.098140716552734,401.1265563964844,,,,13.62641716003418,13.29420280456543
2007-08-01,12.178380012512207,,,,6.619273662567139,30.995073318481445,24.65037727355957,,7.099999904632568,33.774417877197266,,11.253532409667969,2.820929765701294,67.85679626464844,,15.716197967529297,21.333160400390625,391.9582824707031,,,,13.683696746826172,13.158796310424805
2007-09-01,11.66222858428955,,,,6.790737152099609,31.01116371154785,26.374662399291992,,6.829999923706055,33.621822357177734,,12.117210388183594,3.049731492996216,78.39082336425781,,17.193838119506836,19.686954498291016,407.63677978515625,,,,12.729020118713379,12.814132690429688
2007-10-01,11.585504531860352,,,,7.210418701171875,29.79325294494629,24.240739822387695,,7.590000152587891,35.287567138671875,,12.082179069519043,3.2627365589141846,78.37669372558594,,15.509763717651367,19.868717193603516,414.2328796386719,,,,12.566726684570312,13.312665939331055
2007-11-01,9.995201110839844,,,,6.173859596252441,28.310701370239258,25.952239990234375,,7.099999904632568,32.788944244384766,,10.326679229736328,3.147463321685791,71.34286499023438,,15.569524765014648,16.841150283813477,403.67877197265625,,,,11.85071849822998,13.06647777557373
2007-12-01,9.48602294921875,,,,6.1131815910339355,29.60198211669922,23.688392639160156,,7.949999809265137,32.306758880615234,,10.41231632232666,3.117391586303711,75.52926635742188,,16.036718368530273,14.031696319580078,448.2025146484375,,,,12.347150802612305,13.835813522338867
2008-01-01,8.084044456481934,,,,5.03617000579834,26.65744400024414,19.4122314453125,,6.679999828338623,27.47024154663086,,8.43883991241455,3.0372021198272705,63.967926025390625,,14.222261428833008,13.278698921203613,335.427001953125,,,,10.765570640563965,11.780138969421387
2008-02-01,8.997771263122559,,,,5.03617000579834,26.31166648864746,17.596782684326172,,6.75,27.31682014465332,,8.660711288452148,3.137439727783203,73.46294403076172,,14.113615036010742,13.117713928222656,394.7080078125,,,,10.985145568847656,10.573813438415527
2008-03-01,9.444172859191895,,,,4.712559700012207,27.457067489624023,17.039018630981445,,5.920000076293945,26.878463745117188,,9.232901573181152,2.6813573837280273,75.3212661743164,,13.16292953491211,15.407861709594727,397.18670654296875,,,,12.68128490447998,10.3214693069458
2008-04-01,9.695274353027344,,,,5.220727920532227,29.43988800048828,20.046550750732422,,6.139999866485596,27.31682014465332,,9.540406227111816,2.9532523155212402,83.08001708984375,,13.499743461608887,14.135557174682617,395.3277282714844,,,,13.95418930053711,10.623051643371582
2008-05-01,10.064325332641602,,,,5.127435684204102,30.190256118774414,21.30271339416504,,5.670000076293945,27.935298919677734,,9.882437705993652,3.026277542114258,93.3480224609375,,13.796011924743652,14.55100154876709,402.6513671875,,,,15.23306941986084,11.563504219055176
2008-06-01,8.565382957458496,,,,4.394571304321289,24.38456153869629,17.336841583251953,,5.099999904632568,23.978349685668945,,8.15683650970459,2.8193531036376953,91.8561019897461,,12.079893112182617,12.059029579162598,364.6654968261719,,,,14.006484985351562,9.470331192016602
2008-07-01,7.045025825500488,,,,3.9375107288360596,20.6146183013916,16.450613021850586,,4.489999771118164,22.136709213256836,,8.458868980407715,2.8478055000305176,84.21844482421875,,12.007225036621094,9.902523040771484,364.9820251464844,,,,12.545645713806152,9.566054344177246
2008-08-01,7.516122817993164,,,,4.2023444175720215,23.323394775390625,17.868576049804688,,5.21999979019165,23.697296142578125,,8.59377384185791,3.0004115104675293,79.03942108154297,,12.432063102722168,11.407185554504395,395.3708190917969,,,,13.095494270324707,10.625407218933105
2008-09-01,6.395486354827881,,,,3.370967149734497,18.774324417114258,13.7476167678833,,4.349999904632568,21.152076721191406,,6.221794605255127,2.684997797012329,51.68018341064453,,10.66843032836914,10.02474308013916,354.4888000488281,,,,10.775720596313477,9.084242820739746
2008-10-01,5.074989318847656,,,,1.7251744270324707,18.109703063964844,15.06588363647461,,3.440000057220459,19.648408889770508,,3.0150489807128906,2.893906593322754,29.6677188873291,,8.021587371826172,8.232184410095215,348.1015930175781,,,,8.211933135986328,8.819405555725098
2008-11-01,4.089970111846924,,5.1672163009643555,,2.011706590652466,15.126441955566406,13.23803424835205,,3.450000047683716,16.156024932861328,,2.750424385070801,2.8551812171936035,27.719017028808594,,7.132783889770508,7.966017723083496,342.9918212890625,,,,7.405055522918701,8.471604347229004
2008-12-01,3.6117360591888428,,5.196182727813721,,2.4602625370025635,16.6662540435791,14.124263763427734,,4.0,16.34258460998535,,3.054638147354126,2.734524965286255,25.192359924316406,,7.730909824371338,7.903550148010254,322.8721923828125,,,,8.784554481506348,8.640718460083008
2009-01-01,3.183466911315918,,5.563284873962402,,2.250936508178711,15.873702049255371,14.4122896194458,,4.849999904632568,17.200756072998047,,2.6595771312713623,2.7529666423797607,26.857662200927734,,7.9377360343933105,8.44946575164795,331.494873046875,,,,9.578417778015137,8.998092651367188
2009-02-01,2.862265110015869,,5.237563133239746,,1.565325140953064,15.814260482788086,13.5260591506958,,4.849999904632568,15.872451782226562,,1.5277361869812012,2.68578839302063,23.436931610107422,,7.118808269500732,6.298397541046143,335.0077819824219,,,,8.577956199645996,8.034467697143555
2009-03-01,2.897953987121582,,4.8769636154174805,,1.5897921323776245,16.13127899169922,14.788935661315918,,4.849999904632568,15.969461441040039,,1.729433298110962,2.650224447250366,23.417448043823242,,6.193671226501465,6.942087650299072,319.9979248046875,,,,9.802911758422852,7.791963577270508
2009-04-01,4.16134786605835,,4.925437927246094,,2.120447874069214,18.05888557434082,17.46446990966797,,4.849999904632568,16.85001564025879,,2.952956438064575,2.3996903896331787,27.595029830932617,,8.152562141418457,9.473396301269531,322.2334289550781,,,,10.922130584716797,7.989795684814453
2009-05-01,5.220701217651367,,5.168362140655518,,2.387406349182129,19.4112491607666,16.29156494140625,,4.849999904632568,19.106351852416992,,3.0929770469665527,2.542222499847412,35.71257019042969,,7.853357315063477,11.784709930419922,328.2690124511719,,,,11.812113761901855,9.004939079284668
2009-06-01,4.2173004150390625,,4.939608097076416,,2.383056402206421,18.54209327697754,17.296112060546875,,4.849999904632568,20.06243324279785,,2.9887940883636475,2.6861369609832764,36.18486404418945,,7.776336193084717,10.709175109863281,297.977294921875,,,,11.973648071289062,8.366527557373047
2009-07-01,4.918927192687988,,4.815878868103027,,2.8044276237487793,22.760770797729492,20.6184024810791,,4.849999904632568,21.253726959228516,,3.749746561050415,2.8906335830688477,39.06232452392578,,9.479723930358887,13.199743270874023,278.7157897949219,,,,14.154345512390137,9.273741722106934
2009-08-01,6.45797872543335,,4.931763172149658,,2.856079339981079,23.357942581176758,21.477031707763672,,4.849999904632568,22.34259033203125,,4.394428253173828,2.935863494873047,38.629154205322266,,9.337528228759766,15.657720565795898,294.3555603027344,,,,15.07642936706543,9.280464172363281
2009-09-01,6.933272361755371,,4.961338043212891,,3.154029130935669,25.031232833862305,22.560150146484375,,4.849999904632568,24.107505798339844,,5.084118366241455,3.176473379135132,39.82699966430664,,9.858912467956543,16.032527923583984,312.1282958984375,,,,14.928361892700195,9.807990074157715
2009-10-01,6.448925018310547,,5.178623199462891,,2.6527347564697266,23.816181182861328,20.62962532043457,,4.849999904632568,23.043888092041016,,3.7239086627960205,3.4609129428863525,35.82091522216797,,10.152192115783691,14.068861961364746,308.0625305175781,,,,15.480264663696289,10.211196899414062
2009-11-01,6.519086837768555,,5.419447898864746,,2.6027135848999023,25.14893341064453,22.96420669555664,,4.849999904632568,23.9659423828125,,3.3669400215148926,3.312387466430664,40.45050811767578,,10.792073249816895,15.785368919372559,302.9969482421875,,,,17.573469161987305,9.744150161743164
2009-12-01,7.6122660636901855,,5.589049816131592,,2.4684181213378906,27.63226318359375,26.937490463256836,,4.849999904632568,25.454254150390625,,3.744661569595337,3.317992925643921,50.534942626953125,,12.252542495727539,18.95765495300293,340.9216003417969,,,,18.677270889282227,10.281761169433594
2010-01-01,7.970621585845947,,5.491875648498535,,2.384687900543213,25.741470336914062,25.781423568725586,,4.849999904632568,27.298368453979492,,3.7251245975494385,3.3600285053253174,44.73237991333008,,12.975369453430176,18.927783966064453,333.2566833496094,,,,18.283538818359375,10.174238204956055
2010-02-01,7.702796459197998,,5.432123184204102,,2.5173521041870117,22.23979949951172,25.265121459960938,,4.849999904632568,27.60062026977539,,3.5628559589385986,3.278759002685547,43.92361831665039,,12.720603942871094,16.70066261291504,327.924560546875,,,,18.175846099853516,9.949112892150879
2010-03-01,8.909895896911621,,5.957226753234863,,2.7565815448760986,25.128089904785156,29.69858169555664,,4.849999904632568,29.115711212158203,,4.011673450469971,3.2871670722961426,51.35599136352539,,14.065540313720703,19.112468719482422,350.2528076171875,,,,19.622915267944336,10.789127349853516
2010-04-01,9.317292213439941,,6.228832244873047,,2.895226001739502,26.596050262451172,28.071134567260742,,4.849999904632568,26.919605255126953,,3.6572866439819336,3.149850845336914,46.8826904296875,,15.503466606140137,20.82354736328125,342.9211730957031,,,,20.86469841003418,10.362401962280273
2010-05-01,7.629549503326416,,6.319572925567627,,2.5211572647094727,25.43994903564453,26.613916397094727,,4.849999904632568,27.123403549194336,,3.519439220428467,3.085728406906128,39.35079574584961,,14.869429588317871,18.68605613708496,330.34222412109375,,,,21.280261993408203,10.519838333129883
2010-06-01,8.144030570983887,,6.273286819458008,,2.4086103439331055,26.204669952392578,25.82883071899414,,4.849999904632568,26.976409912109375,,3.3517441749572754,3.0536608695983887,35.616310119628906,,15.070611000061035,17.618671417236328,342.27728271484375,,,,20.740955352783203,11.041280746459961
2010-07-01,8.715675354003906,,6.078884124755859,,2.509739637374878,27.54521942138672,27.641870498657227,,4.849999904632568,26.86810302734375,,4.005159378051758,3.1134226322174072,37.26528549194336,,14.576794624328613,18.724082946777344,378.6313171386719,,,,21.424530029296875,10.834803581237793
2010-08-01,8.517505645751953,,5.995570182800293,,2.195478677749634,25.388158798217773,22.225332260131836,,4.849999904632568,27.34002113342285,,3.8087007999420166,3.419644355773926,36.683753967285156,,13.479419708251953,15.9293212890625,359.4254150390625,,,,21.77490997314453,10.309860229492188
2010-09-01,9.20728874206543,,6.102336883544922,,2.3895812034606934,27.575685501098633,24.750036239624023,,4.849999904632568,29.647802352905273,,4.129982948303223,3.391247272491455,38.79719924926758,,14.055537223815918,18.102121353149414,372.6151123046875,,,,24.0523624420166,10.77880859375
2010-10-01,10.003780364990234,,6.128255367279053,,2.4760303497314453,25.994449615478516,26.78335952758789,,4.849999904632568,28.385202407836914,,4.1625447273254395,3.5870392322540283,37.08696746826172,,13.247750282287598,18.577417373657227,370.5372619628906,,,,24.691286087036133,11.44023609161377
2010-11-01,10.281980514526367,,5.745626449584961,,2.3015012741088867,25.43343162536621,28.150203704833984,,4.849999904632568,27.816247940063477,,3.6914772987365723,3.2836360931396484,38.9979362487793,,12.674676895141602,19.153209686279297,352.5298767089844,,,,24.330602645874023,10.687819480895996
2010-12-01,12.023591995239258,,6.094932556152344,,2.48799204826355,28.536624908447266,32.64609909057617,,4.849999904632568,28.595626831054688,,3.9508910179138184,3.2642054557800293,45.91673278808594,,13.973237991333008,21.456375122070312,375.03912353515625,,,,24.285945892333984,11.478732109069824
2011-01-01,11.013687133789062,,6.10357141494751,,2.941441297531128,28.045522689819336,34.4535026550293,,4.849999904632568,28.654096603393555,,4.517472743988037,3.442063331604004,43.05299758911133,,13.878741264343262,21.657358169555664,382.6576843261719,,,,24.261899948120117,11.716706275939941
2011-02-01,11.77587890625,,6.003594398498535,,3.02789044380188,30.246313095092773,35.53228759765625,,4.849999904632568,29.11782455444336,,4.9315571784973145,3.50931978225708,43.0772705078125,,14.424379348754883,21.220083236694336,380.57989501953125,,,,24.06610107421875,11.982678413391113
2011-03-01,12.762918472290039,,5.843137741088867,,2.8729348182678223,29.761343002319336,35.13127136230469,,4.849999904632568,30.049192428588867,,4.846893787384033,3.593018054962158,41.57832717895508,,13.750713348388672,21.347732543945312,374.00030517578125,,,,23.32413101196289,11.548722267150879
2011-04-01,13.018254280090332,,5.849924087524414,,2.914799690246582,32.19234085083008,31.578609466552734,,4.849999904632568,31.498851776123047,,4.830071926116943,3.202927827835083,40.4625129699707,,12.205245018005371,20.630712509155273,367.07427978515625,,,,22.23177719116211,11.009784698486328
2011-05-01,12.749738693237305,,6.3041510581970215,,2.643491268157959,31.43444061279297,30.880508422851562,,4.849999904632568,32.99811935424805,,4.547323226928711,3.1889584064483643,37.750362396240234,,12.150114059448242,19.214651107788086,392.5743408203125,,,,23.16256332397461,11.459153175354004
2011-06-01,12.490174293518066,,5.895666122436523,,2.5575857162475586,27.260732650756836,29.045175552368164,,4.849999904632568,32.72195816040039,,4.607020378112793,3.134272575378418,39.40132141113281,,11.163607597351074,17.840579986572266,403.2614440917969,,,,23.71706771850586,11.14905071258545
2011-07-01,10.549237251281738,,5.909664630889893,,2.183516502380371,26.75311851501465,28.570619583129883,,4.849999904632568,32.57203674316406,,4.08113956451416,3.1080236434936523,35.805198669433594,,10.936678886413574,17.58871078491211,394.71173095703125,,,,24.450546264648438,10.55803394317627
2011-08-01,10.072720527648926,,5.160139560699463,,1.7028825283050537,22.7830753326416,28.461984634399414,,4.849999904632568,27.825889587402344,,3.321894884109497,3.2150650024414062,25.657249450683594,,9.285146713256836,13.628803253173828,358.3754577636719,,,,24.433000564575195,9.613139152526855
2011-09-01,8.728400230407715,,5.609345436096191,,1.6659103631973267,20.884225845336914,29.822765350341797,,4.849999904632568,26.70794677734375,,2.8942439556121826,3.1816439628601074,20.100141525268555,,8.541325569152832,13.528057098388672,356.04736328125,,,,25.27878761291504,8.919970512390137
2011-10-01,9.91387939453125,,5.8950300216674805,,1.8893728256225586,23.948707580566406,34.61407470703125,,4.849999904632568,27.958133697509766,,3.397331476211548,3.0514988899230957,25.008703231811523,,9.515225410461426,14.426382064819336,384.92584228515625,,,,26.25090980529785,9.343169212341309
2011-11-01,9.344385147094727,,6.01973819732666,,1.7561652660369873,23.72298812866211,33.1446647644043,,4.849999904632568,27.755075454711914,,3.1145823001861572,2.9210331439971924,23.211669921875,,9.486861228942871,12.931968688964844,380.2448425292969,,,,28.63384246826172,9.412484169006348
2011-12-01,10.057222366333008,,6.620375633239746,,1.6860276460647583,23.62181854248047,37.13551330566406,,4.849999904632568,28.483705520629883,,3.0174379348754883,2.9708423614501953,23.842443466186523,,10.262198448181152,12.794844627380371,373.7633056640625,,,,28.654911041259766,9.744475364685059
2012-01-01,11.107110977172852,,6.445402145385742,,2.014425277709961,25.14560317993164,37.547183990478516,,4.849999904632568,28.1253604888916,,3.776139497756958,2.6928775310516357,25.9600830078125,,9.73900318145752,14.591496467590332,378.08428955078125,,,,29.156763076782227,10.112947463989258
2012-02-01,11.769585609436035,,6.604469299316406,,2.13675856590271,26.91914176940918,39.45112609863281,,4.849999904632568,31.557411193847656,,3.6133270263671875,2.614147901535034,26.702524185180664,,9.931262016296387,15.89560604095459,396.44842529296875,,,,29.409448623657227,10.196859359741211
2012-03-01,12.009781837463379,,6.6108317375183105,,2.2639856338500977,27.990846633911133,42.85878372192383,,4.849999904632568,33.18585968017578,,3.3902761936187744,2.6504592895507812,24.463672637939453,,9.581414222717285,15.834038734436035,399.6890869140625,,,,30.318405151367188,10.361027717590332
2012-04-01,11.23883056640625,,6.096726894378662,,1.896984338760376,25.597688674926758,43.95655822753906,,4.849999904632568,32.89918518066406,,2.8909873962402344,2.1790456771850586,22.304109573364258,,9.455340385437012,14.641865730285645,367.2818603515625,,,,34.17882537841797,9.514634132385254
2012-05-01,10.32210636138916,,6.286876201629639,,1.8518571853637695,24.02427101135254,42.933258056640625,,4.849999904632568,31.076370239257812,,2.534973382949829,2.655313730239868,19.077571868896484,,9.014094352722168,12.827095031738281,354.96673583984375,,,,34.008174896240234,9.02895450592041
2012-06-01,9.703730583190918,,6.4675211906433105,,2.0421276092529297,24.089305877685547,46.36445236206055,,4.849999904632568,33.1725959777832,,2.857882261276245,2.6244022846221924,21.00642967224121,,10.331206321716309,13.570779800415039,379.84405517578125,,,,36.06279754638672,9.63241958618164
2012-07-01,10.195261001586914,,6.5475897789001465,,2.077432870864868,28.55402374267578,54.644439697265625,,4.849999904632568,35.51874542236328,,2.9202935695648193,2.3170177936553955,22.663005828857422,,11.86396598815918,14.446216583251953,399.523193359375,,,,36.76906967163086,10.389638900756836
2012-08-01,10.793815612792969,,6.504578590393066,,2.288146734237671,29.799468994140625,52.115875244140625,,4.849999904632568,35.53486633300781,,3.300729274749756,2.412587881088257,20.564096450805664,,12.129382133483887,15.137200355529785,438.5101013183594,,,,36.38383102416992,10.993106842041016
2012-09-01,11.075255393981934,,6.4496564865112305,,2.320823907852173,28.609304428100586,48.12921905517578,,4.849999904632568,37.6789436340332,,3.3370909690856934,2.1034090518951416,19.641050338745117,,12.046438217163086,15.145984649658203,444.3050537109375,,,,38.98063278198242,11.246790885925293
2012-10-01,11.099039077758789,,6.4999470710754395,,2.4717202186584473,27.295576095581055,49.12443542480469,,4.849999904632568,38.6333122253418,,3.6990749835968018,1.72312593460083,20.116233825683594,,12.79954719543457,14.747787475585938,454.8123474121094,,,,38.317161560058594,11.47741985321045
2012-11-01,11.527143478393555,,6.455611705780029,,2.5377016067504883,28.79530143737793,42.80689239501953,,4.849999904632568,41.18773651123047,,3.7500898838043213,1.5388206243515015,20.56502342224121,,13.177762985229492,14.64238452911377,482.2061462402344,,,,40.52873229980469,11.362105369567871
2012-12-01,12.44678020477295,,6.706399440765381,,2.755727529525757,32.599510192871094,42.77124786376953,,4.849999904632568,40.99280548095703,,3.8320369720458984,1.314542293548584,23.142946243286133,,13.200986862182617,16.282005310058594,481.830810546875,,,,38.031803131103516,11.89638614654541
2013-01-01,13.124611854553223,,7.159666538238525,,2.8274452686309814,33.0222053527832,49.276039123535156,,4.849999904632568,42.06494140625,,4.042606830596924,1.4666552543640137,22.570411682128906,,15.267890930175781,17.883562088012695,515.60400390625,,,,35.87731170654297,11.47741985321045
2013-02-01,13.437766075134277,,7.278773784637451,,2.6289281845092773,32.06541442871094,48.58100128173828,,4.849999904632568,46.45093536376953,,3.341975450515747,0.9247074127197266,20.602325439453125,,14.411931991577148,19.069358825683594,532.1151733398438,,,,39.31594467163086,11.73110580444336
2013-03-01,13.830195426940918,,7.910706520080566,,2.6914665699005127,32.452064514160156,46.75432205200195,,4.849999904632568,47.758602142333984,,3.004955530166626,0.9282451868057251,17.981185913085938,,15.317657470703125,18.703369140625,586.1524047851562,,,,33.551597595214844,13.095632553100586
2013-04-01,13.489295959472656,,7.927248001098633,,2.8750674724578857,30.00112533569336,50.300777435302734,,4.849999904632568,43.551300048828125,,3.3821353912353516,0.9236407279968262,16.6249942779541,,13.91428279876709,18.513057708740234,564.387451171875,,,,30.005964279174805,12.9149751663208
2013-05-01,14.191633224487305,,8.611452102661133,,3.0179312229156494,33.0875358581543,57.78752899169922,,4.849999904632568,44.14960861206055,,3.924839496612549,0.869377613067627,17.71280860900879,,14.528050422668457,20.094585418701172,555.7565307617188,,,,33.883514404296875,13.506287574768066
2013-06-01,13.892264366149902,,7.862030506134033,,3.0148062705993652,29.079574584960938,54.5141487121582,,4.849999904632568,40.17705154418945,,3.7989327907562256,0.9318093657493591,15.658498764038086,,14.400871276855469,19.181190490722656,573.60205078125,,,,33.02732467651367,13.00619888305664
2013-07-01,15.324372291564941,,8.5151948928833,,3.3996496200561523,30.71767234802246,60.79111099243164,,4.849999904632568,43.3370361328125,,4.167972087860107,1.155863642692566,18.074663162231445,,16.542612075805664,22.082725524902344,651.925048828125,,,,31.54445457458496,14.518458366394043
2013-08-01,15.251551628112793,,8.288307189941406,,3.1655771732330322,29.87175941467285,59.63102722167969,,4.849999904632568,42.63938522338867,,4.458318710327148,1.2894799709320068,17.738624572753906,,16.081945419311523,21.40073013305664,607.7722778320312,,,,30.928726196289062,14.298418998718262
2013-09-01,15.9352445602417,,8.803961753845215,,3.269859552383423,32.61088180541992,65.64720153808594,,4.849999904632568,43.29499053955078,,4.5321269035339355,1.3740835189819336,18.554975509643555,,16.384469985961914,25.3557071685791,644.7188720703125,,,,30.863142013549805,15.246580123901367
2013-10-01,17.83258628845215,,9.639325141906738,,3.5053839683532715,35.95756149291992,62.87742614746094,,4.849999904632568,42.06367111206055,,5.092197895050049,1.3734999895095825,21.248733520507812,,17.931472778320312,27.67876625061035,676.4517822265625,,,,33.041893005371094,15.986710548400879
2013-11-01,18.16027069091797,,9.21304988861084,,3.908886432647705,37.45363998413086,61.95115661621094,,4.849999904632568,41.344688415527344,,5.187169551849365,1.396838903427124,23.15719223022461,,18.113676071166992,27.925384521484375,684.191650390625,,,,32.10189437866211,16.602811813354492
2013-12-01,18.75091552734375,,8.972407341003418,,4.1019697189331055,38.06851577758789,61.18678283691406,,4.849999904632568,40.55961227416992,,5.481317520141602,1.3670819997787476,23.686813354492188,,18.319944381713867,28.710899353027344,695.8011474609375,,,,30.983381271362305,16.59881591796875
2014-01-01,18.77518653869629,,8.501443862915039,,3.8778016567230225,36.0887336730957,56.63644790649414,,4.849999904632568,37.402774810791016,,5.340212345123291,1.6179767847061157,22.499732971191406,,17.766460418701172,28.695674896240234,686.5135498046875,,,,29.715478897094727,16.38677406311035
2014-02-01,19.81892967224121,,9.29555606842041,,3.90290904045105,40.548309326171875,56.69939422607422,,4.849999904632568,40.4852409362793,,5.736387252807617,1.5082827806472778,20.938268661499023,,17.436431884765625,27.794466018676758,708.5715942382812,,,,30.92508888244629,16.7468318939209
2014-03-01,20.470252990722656,,9.253244400024414,,3.9830121994018555,40.02126693725586,60.458370208740234,,16.0,41.749629974365234,,5.576290607452393,1.4966135025024414,21.358308792114258,,17.5361270904541,25.88243293762207,708.9586181640625,,,,29.533306121826172,16.38677406311035
2014-04-01,19.40629005432129,,9.530902862548828,,3.9064950942993164,37.494178771972656,53.44401168823242,,15.600000381469727,41.319908142089844,,5.554582595825195,1.4948629140853882,21.376569747924805,,15.865364074707031,25.517078399658203,674.9039306640625,,,,26.148595809936523,16.058717727661133
2014-05-01,19.858150482177734,,9.454290390014648,,3.804274082183838,37.14957809448242,57.19178009033203,,16.4950008392334,43.19282531738281,,5.576290607452393,1.5818005800247192,20.454303741455078,,15.930682182312012,26.569860458374023,751.3208618164062,,,,27.904300689697266,18.182138442993164
2014-06-01,19.619537353515625,,9.72380256652832,,3.8776907920837402,37.63993453979492,61.77912139892578,,14.180000305175781,43.79423141479492,,5.568150043487549,1.5526268482208252,20.12864112854004,,16.50575065612793,24.64621925354004,742.630615234375,,,,26.65373992919922,17.90062713623047
2014-07-01,18.77206039428711,,9.259245872497559,,3.7036991119384766,37.04869079589844,64.27717590332031,,14.630000114440918,43.90281295776367,20.510526657104492,5.288657188415527,1.391004204750061,21.13228988647461,,16.43808937072754,23.07742691040039,754.0859985351562,,,,25.869810104370117,17.134761810302734
2014-08-01,17.356853485107422,,9.220236778259277,,3.6598970890045166,36.97993087768555,66.13935852050781,,12.579999923706055,48.36325454711914,20.71563148498535,5.679403781890869,1.4732741117477417,20.584003448486328,12.664874076843262,16.516433715820312,22.99960708618164,776.2068481445312,,,,29.132465362548828,17.45353126525879
2014-09-01,16.887861251831055,,9.092572212219238,,4.050218105316162,37.296180725097656,71.59874725341797,,11.979999542236328,49.7951774597168,20.269752502441406,6.1379899978637695,1.480276107788086,20.258745193481445,13.086370468139648,17.994293212890625,22.946693420410156,786.340087890625,,,,31.89862823486328,17.486648559570312
2014-10-01,17.48027229309082,,9.461382865905762,,4.0266547203063965,36.443695068359375,72.17101287841797,,11.140000343322754,50.08937454223633,19.618764877319336,6.192258834838867,1.526954174041748,19.403791427612305,12.969602584838867,15.875432014465332,21.894601821899414,817.3798217773438,,,,29.834270477294922,17.62740135192871
2014-11-01,18.562246322631836,,10.074883460998535,,3.9144246578216553,38.44231414794922,77.14897918701172,,12.9399995803833,53.165855407714844,20.80926513671875,6.39306116104126,1.570585012435913,18.335094451904297,13.906585693359375,17.274946212768555,24.705360412597656,885.826416015625,,,,30.16277313232422,19.511028289794922
2014-12-01,20.18726921081543,,10.464967727661133,,3.8809423446655273,39.88838577270508,81.3002700805664,,15.489999771118164,49.55141830444336,25.147689819335938,5.877492427825928,1.5458792448043823,16.890960693359375,14.151506423950195,17.200166702270508,24.93880844116211,875.4796752929688,,,,32.16740417480469,20.988943099975586
2015-01-01,21.071775436401367,,11.37280559539795,,3.9317870140075684,44.36503219604492,84.73395538330078,,18.18000030517578,55.7127685546875,25.058513641357422,6.034875869750977,1.6158792972564697,15.729334831237793,13.738557815551758,17.481491088867188,29.21251678466797,920.0497436523438,,,,37.020328521728516,21.978368759155273
2015-02-01,22.750274658203125,,11.890560150146484,,4.29080057144165,45.94258117675781,87.75888061523438,,19.940000534057617,58.7051887512207,27.225496292114258,7.247819900512695,1.7952907085418701,18.158525466918945,14.558765411376953,19.066186904907227,32.77654266357422,889.805908203125,,,,35.090362548828125,23.99860191345215
2015-03-01,24.08320426940918,,13.014718055725098,,4.556805610656738,48.724037170410156,86.10562133789062,,22.06999969482422,59.70545959472656,27.938905715942383,7.4052042961120605,1.8582316637039185,16.309219360351562,15.02583122253418,18.820470809936523,35.160858154296875,922.4375610351562,,,,38.37541580200195,25.17017364501953
2015-04-01,22.770843505859375,,12.27000904083252,,4.380708694458008,47.34022521972656,87.84971618652344,,37.56999969482422,59.14229965209961,29.744722366333008,7.486609935760498,1.9464668035507202,17.68830108642578,14.815080642700195,18.272062301635742,33.181190490722656,861.1538696289062,,,,34.97090148925781,23.944786071777344
2015-05-01,23.541736602783203,,13.46551513671875,,4.297621250152588,48.74836730957031,93.07951354980469,,52.349998474121094,60.579627990722656,31.21167755126953,8.12700366973877,1.9736764430999756,18.024707794189453,14.504652976989746,17.666671752929688,33.5810432434082,878.8751831054688,,,,34.447513580322266,24.01344108581543
2015-06-01,22.27497100830078,,12.218238830566406,,4.155982494354248,45.88041687011719,84.80071258544922,,45.79499816894531,57.80284881591797,29.1570987701416,8.105283737182617,2.0489439964294434,16.586753845214844,14.362258911132812,16.80153465270996,37.198341369628906,838.3742065429688,,,,34.4208984375,22.581195831298828
2015-07-01,23.897098541259766,,13.181876182556152,,4.415731906890869,45.83823776245117,82.91625213623047,,54.630001068115234,60.91928482055664,30.009382247924805,8.477436065673828,2.1504950523376465,15.688376426696777,16.367977142333984,18.638511657714844,39.70115661621094,905.6061401367188,,,,36.196502685546875,25.577043533325195
2015-08-01,23.169649124145508,,12.810964584350586,,3.458696126937866,42.41495895385742,74.7197494506836,,53.9900016784668,59.866336822509766,29.785097122192383,7.467696189880371,2.0937249660491943,13.179376602172852,15.861125946044922,16.875160217285156,35.88642883300781,846.4744262695312,,,,27.92302131652832,23.941404342651367
2015-09-01,22.124465942382812,,12.661876678466797,,3.3054416179656982,40.7630615234375,71.49972534179688,,36.54499816894531,61.70002365112305,27.658870697021484,7.035264015197754,2.0165367126464844,8.84892749786377,15.170055389404297,15.494664192199707,33.8867301940918,923.0397338867188,,,,27.135971069335938,23.314266204833984
2015-10-01,24.720701217651367,,13.469149589538574,,3.6073408126831055,45.304012298583984,77.40007019042969,,44.0,70.99260711669922,30.520751953125,7.360609531402588,2.032849073410034,9.635245323181152,16.916799545288086,18.104717254638672,34.599998474121094,947.501953125,,,,27.81275749206543,26.26638412475586
2015-11-01,26.12961196899414,,14.974610328674316,,3.7309324741363525,47.57741928100586,80.01636505126953,,47.209999084472656,71.88085174560547,31.041086196899414,7.2271342277526855,2.1917037963867188,8.81663990020752,19.143165588378906,19.054502487182617,37.69508361816406,976.8565673828125,,,,31.230894088745117,27.895509719848633
2015-12-01,26.443166732788086,11.163434982299805,14.458244323730469,,3.3794679641723633,44.03667449951172,76.92439270019531,,57.70000076293945,68.13990020751953,29.87480926513672,7.015798091888428,2.134490966796875,7.545994758605957,19.415538787841797,17.622467041015625,37.045501708984375,976.0409545898438,,,,30.637758255004883,26.74829864501953
2016-01-01,24.315170288085938,10.328659057617188,15.145522117614746,,3.347926139831543,41.74685287475586,77.04331970214844,,46.0,68.34488677978516,29.376893997192383,5.89238166809082,2.1661412715911865,6.607731342315674,18.45038604736328,18.034772872924805,31.925233840942383,1002.9492797851562,,,,30.45905303955078,26.731239318847656
2016-02-01,23.951448440551758,9.791827201843262,14.705522537231445,,2.979081869125366,38.333316802978516,77.40924072265625,,38.654998779296875,63.33988571166992,30.184322357177734,6.059226036071777,2.0748450756073,6.790065765380859,16.816143035888672,17.254335403442383,30.35540008544922,1012.7345581054688,,,,31.94189453125,29.678150177001953
2016-03-01,25.494140625,9.665670394897461,14.378242492675781,,3.1116855144500732,42.33344268798828,81.67213439941406,,36.9900016784668,68.02886199951172,29.489038467407227,5.91184663772583,2.241611957550049,11.11571979522705,17.02634620666504,18.432355880737305,31.020906448364258,1055.1356201171875,,,,33.280250549316406,29.921245574951172
2016-04-01,25.017532348632812,10.022665023803711,13.818243026733398,,3.2262654304504395,43.73984146118164,77.20797729492188,,39.689998626708984,69.90790557861328,31.63320541381836,5.947994709014893,2.0906693935394287,13.79188060760498,17.917478561401367,17.670326232910156,29.87139320373535,986.6412963867188,,,,36.078636169433594,28.347566604614258
2016-05-01,26.97153091430664,9.826720237731934,14.869998931884766,,2.9739317893981934,43.926700592041016,81.78192138671875,,51.779998779296875,72.04863739013672,33.431968688964844,6.460046291351318,2.2029364109039307,12.36012077331543,17.772411346435547,17.832300186157227,32.01423645019531,1038.2034912109375,,,,36.374427795410156,31.073753356933594
2016-06-01,23.00788116455078,8.202413558959961,14.862529754638672,,2.34065318107605,40.59259033203125,81.8713607788086,,49.45500183105469,71.4444351196289,32.32155227661133,5.296718120574951,2.0248289108276367,11.440104484558105,14.681558609008789,17.08254051208496,23.84334373474121,1142.8544921875,,,,34.87144470214844,31.711275100708008
2016-07-01,25.25763511657715,9.152339935302734,15.014532089233398,,2.417569398880005,41.7375602722168,91.643310546875,11.70464038848877,48.709999084472656,72.88591766357422,34.456634521484375,5.770473480224609,1.9963151216506958,16.076549530029297,14.804917335510254,18.207643508911133,25.376623153686523,1191.8575439453125,,,,35.72196960449219,32.6350212097168
2016-08-01,25.559587478637695,10.146320343017578,16.06790542602539,,2.43613600730896,43.624244689941406,88.33660125732422,12.426183700561523,48.58000183105469,69.13977813720703,33.607154846191406,6.4744720458984375,2.0083305835723877,14.795793533325195,16.36979103088379,19.862884521484375,27.879331588745117,1200.16357421875,,,,35.310298919677734,32.6350212097168
2016-09-01,25.81476402282715,10.376486778259277,15.188344955444336,,2.345041275024414,43.41542434692383,90.48550415039062,11.82544231414795,57.130001068115234,68.03373718261719,35.5196418762207,6.492595672607422,2.027543067932129,15.234827041625977,17.182531356811523,20.12222671508789,26.741737365722656,1224.0367431640625,,,,36.288978576660156,33.20979309082031
2016-10-01,24.47511100769043,11.843953132629395,15.56636905670166,,2.7004754543304443,42.40005874633789,89.38323974609375,13.183639526367188,55.619998931884766,65.2015380859375,35.80128860473633,7.086322784423828,2.0385212898254395,17.164348602294922,17.245359420776367,20.946035385131836,30.939300537109375,1222.3638916015625,21.424999237060547,,,35.733619689941406,30.73398780822754
2016-11-01,24.4538516998291,11.491873741149902,13.930758476257324,,3.2985944747924805,42.5772590637207,90.42066192626953,12.8865327835083,56.06999969482422,61.439735412597656,34.679229736328125,7.591433525085449,1.8656136989593506,19.932796478271484,19.05470848083496,20.701946258544922,31.59547233581543,1150.4105224609375,23.5,,,34.25394058227539,29.657373428344727
2016-12-01,26.21452522277832,11.858036994934082,14.993720054626465,,3.59421706199646,43.033756256103516,98.78469848632812,14.757314682006836,60.939998626708984,61.908851623535156,36.78706741333008,7.898635387420654,1.9307969808578491,19.61959457397461,20.22638511657715,22.1207218170166,33.9827766418457,1212.323486328125,23.5,,,34.85591125488281,30.006071090698242
2017-01-01,27.6009521484375,12.252365112304688,14.742948532104492,,3.44571852684021,45.49738693237305,104.11064147949219,16.605247497558594,59.95000076293945,60.145259857177734,37.7682991027832,7.827742576599121,1.8278756141662598,20.103374481201172,20.5625,20.69813346862793,35.47978973388672,1190.5706787109375,30.295000076293945,,,30.847963333129883,30.821170806884766
2017-02-01,27.694517135620117,12.167867660522461,15.0161714553833,,3.449843645095825,45.874176025390625,106.00947570800781,16.455062866210938,66.63999938964844,67.67752075195312,40.68472671508789,7.688910484313965,1.828562617301941,23.238143920898438,18.423320770263672,21.76603126525879,36.21181106567383,1259.1767578125,31.454999923706055,,,31.00330924987793,33.70669937133789
2017-03-01,29.7699031829834,12.815690994262695,15.0161714553833,,3.2800326347351074,56.32286071777344,115.22565460205078,17.450855255126953,81.58000183105469,69.32819366455078,41.865840911865234,8.371253967285156,1.9369723796844482,22.05246925354004,19.152084350585938,22.982669830322266,35.677635192871094,1308.539794921875,31.489999771118164,,,31.748973846435547,33.96823501586914
2017-04-01,30.977706909179688,13.576183319091797,14.237668991088867,,3.216782569885254,58.17057418823242,112.40058135986328,17.73163604736328,80.45999908447266,71.10920715332031,44.92763900756836,8.829103469848633,1.8217005729675293,20.254379272460938,19.123815536499023,24.27177619934082,36.07991027832031,1310.213134765625,30.920000076293945,,,32.17229461669922,33.990028381347656
2017-05-01,31.13191795349121,12.931175231933594,15.139336585998535,,3.0469717979431152,54.85099792480469,109.91121673583984,18.65559959411621,74.08000183105469,76.93546295166016,44.50062942504883,8.796609878540039,2.1323609352111816,17.99486541748047,20.1038761138916,23.997173309326172,35.19245529174805,1414.1409912109375,37.39500045776367,,,32.11936569213867,34.57514953613281
2017-06-01,30.146074295043945,13.074824333190918,12.910470008850098,,3.1668646335601807,56.01415252685547,106.7308120727539,19.279193878173828,66.86000061035156,74.70645904541016,43.570072174072266,9.167976379394531,1.980647325515747,18.51219940185547,19.551025390625,24.301973342895508,34.93278503417969,1411.590087890625,37.290000915527344,,,32.350440979003906,32.8176155090332
2017-07-01,31.91021728515625,13.732372283935547,13.338502883911133,,3.356692314147949,56.257076263427734,119.87336730957031,21.835697174072266,67.30000305175781,77.3742446899414,43.45989227294922,9.602092742919922,2.1666197776794434,20.688735961914062,22.196931838989258,25.30625343322754,34.83710861206055,1404.787109375,38.595001220703125,,,32.0835075378418,33.304588317871094
2017-08-01,32.320980072021484,13.51987075805664,11.645644187927246,,3.397066593170166,56.53680419921875,122.07159423828125,22.24917221069336,77.2699966430664,77.33914947509766,45.36043167114258,9.046548843383789,2.125908374786377,20.9171085357666,21.578731536865234,24.837329864501953,33.55583190917969,1437.9510498046875,39.0,,,28.330537796020508,32.490013122558594
2017-09-01,35.37363815307617,14.939950942993164,12.200932502746582,,3.5817012786865234,57.5085334777832,134.7464599609375,23.130802154541016,86.19000244140625,73.8650131225586,47.6328125,9.61892318725586,2.078681707382202,20.343847274780273,23.338768005371094,27.299175262451172,35.7664680480957,1401.936767578125,37.20500183105469,,,29.565589904785156,34.805259704589844
2017-10-01,36.618919372558594,15.63270378112793,12.459298133850098,,3.6834535598754883,57.228797912597656,144.8021697998047,24.056848526000977,83.29000091552734,73.87384033203125,49.57925796508789,9.779239654541016,2.1208996772766113,22.944499969482422,23.701271057128906,27.31871795654297,36.0944709777832,1484.15185546875,40.57500076293945,,,29.621366500854492,37.462730407714844
2017-11-01,37.0988655090332,14.695270538330078,13.87837028503418,,3.7924740314483643,56.129302978515625,138.06719970703125,23.4075927734375,73.43000030517578,75.57805633544922,47.68790054321289,9.344538688659668,2.2053349018096924,23.643600463867188,24.324121475219727,25.49772834777832,35.35646057128906,1479.86962890625,45.04999923706055,,,28.28671646118164,38.749176025390625
2017-12-01,36.66215515136719,15.859694480895996,14.140585899353027,,3.8629746437072754,54.142147064208984,135.77540588378906,23.445180892944336,78.9800033569336,76.7613296508789,48.137786865234375,9.449359893798828,2.0808281898498535,25.274839401245117,23.806724548339844,24.649757385253906,35.01478576660156,1489.2901611328125,50.880001068115234,,,29.139301300048828,38.709110260009766
2018-01-01,38.05011749267578,16.089630126953125,13.859087944030762,,4.003248691558838,59.03927230834961,152.65963745117188,24.056848526000977,96.18000030517578,79.96671295166016,49.3956298828125,9.7607421875,2.017859935760498,27.24164390563965,25.04583740234375,25.6813907623291,38.868873596191406,1334.280517578125,48.79999923706055,,,28.995874404907227,37.9523811340332
2018-02-01,35.68928146362305,15.093238830566406,14.269387245178223,,4.16605281829834,62.436641693115234,150.88238525390625,25.24602699279785,86.58000183105469,75.53392028808594,48.385677337646484,8.927102088928223,1.8389712572097778,26.332813262939453,24.228551864624023,24.641944885253906,40.22189712524414,1278.6143798828125,51.0,,,30.956026077270508,37.10661697387695
2018-03-01,35.767120361328125,14.427016258239746,14.840097427368164,,3.9799907207489014,60.072574615478516,149.80661010742188,23.72880744934082,81.30000305175781,77.08804321289062,45.83326721191406,8.4473876953125,1.7438030242919922,23.95586585998535,23.753995895385742,24.3566837310791,36.504478454589844,1254.6348876953125,43.20000076293945,,,31.752832412719727,38.450927734375
2018-04-01,35.31743621826172,15.169883728027344,15.428548812866211,,4.427702903747559,58.63220977783203,147.3278045654297,26.763246536254883,74.81999969482422,77.08804321289062,46.87075424194336,8.617568969726562,1.8439804315567017,26.188329696655273,26.159717559814453,27.518009185791016,37.887718200683594,1331.2830810546875,48.20000076293945,,,32.589481353759766,39.91098403930664
2018-05-01,36.77635192871094,13.100461959838867,15.65797233581543,,3.870969533920288,60.32170867919922,157.96456909179688,24.740285873413086,86.91999816894531,76.4247817993164,48.707027435302734,7.917072296142578,1.7157386541366577,25.820138931274414,24.228551864624023,27.369516372680664,36.24104309082031,1440.98779296875,49.95000076293945,,,34.338134765625,43.40317153930664
2018-06-01,36.038360595703125,13.57043170928955,16.33595085144043,,3.8239221572875977,58.891971588134766,160.13490295410156,23.90650177001953,78.94000244140625,76.76390075683594,53.40878677368164,7.834456443786621,1.727421760559082,23.47068977355957,22.96307945251465,29.11457061767578,35.786781311035156,1414.82763671875,57.20000076293945,,,32.35142517089844,43.60193634033203
2018-07-01,34.08797073364258,14.474313735961914,17.33180046081543,546.4000244140625,4.200655937194824,63.53457260131836,173.15708923339844,27.393482208251953,94.22000122070312,77.22794342041016,57.72793960571289,8.326334953308105,1.8349220752716064,25.71867561340332,25.63512420654297,30.00579261779785,38.5123176574707,1449.707763671875,57.099998474121094,,,32.93190383911133,46.58341979980469
2018-08-01,32.453853607177734,14.248344421386719,16.698442459106445,604.0,3.8596601486206055,64.88398742675781,165.759033203125,29.396135330200195,86.83999633789062,75.97859954833984,59.817848205566406,7.4010443687438965,1.6577361822128296,24.24650001525879,24.970861434936523,30.68120002746582,38.35617446899414,1491.128173828125,68.0999984741211,,,36.300315856933594,49.348060607910156
2018-09-01,32.225433349609375,14.714088439941406,15.734456062316895,703.0,4.27488374710083,64.69121551513672,151.83091735839844,29.367534637451172,97.41999816894531,72.56461334228516,62.279293060302734,7.242607593536377,1.7112118005752563,25.05035400390625,26.51845359802246,31.360607147216797,32.63539505004883,1419.7845458984375,55.70000076293945,,,34.6978645324707,48.80091857910156
2018-10-01,28.509138107299805,13.616020202636719,16.11686134338379,571.0999755859375,4.152481555938721,59.66305923461914,142.41343688964844,29.185388565063477,90.69999694824219,71.52233123779297,55.68446731567383,6.786706924438477,1.759414553642273,20.601112365722656,26.22173309326172,26.313016891479492,32.081390380859375,1361.798095703125,52.0,,,32.70298385620117,45.600852966308594
2018-11-01,27.200088500976562,14.13054370880127,18.08864974975586,457.04998779296875,3.7615606784820557,59.8167610168457,140.69602966308594,27.688331604003906,89.26000213623047,72.61853790283203,54.244754791259766,6.918813705444336,1.9680439233779907,18.70831298828125,25.925012588500977,26.572790145874023,30.95079803466797,1434.281005859375,46.849998474121094,,,31.558378219604492,48.4736328125
2018-12-01,25.522048950195312,12.888160705566406,17.586740493774414,475.04998779296875,3.120481491088867,56.82997131347656,129.4290313720703,25.1302490234375,80.55999755859375,69.36587524414062,52.01551818847656,6.093789100646973,1.9281257390975952,16.95572280883789,24.013586044311523,24.72240447998047,28.869651794433594,1420.2237548828125,58.79999923706055,,,32.44135665893555,46.96451187133789
2019-01-01,26.875024795532227,13.628569602966309,18.339603424072266,647.7000122070312,3.4287807941436768,54.0745735168457,144.58383178710938,26.787187576293945,89.80000305175781,70.4261245727539,59.353424072265625,6.677912712097168,2.0237789154052734,18.87656593322754,25.476482391357422,27.46401023864746,30.324298858642578,1481.7242431640625,55.400001525878906,,,36.3084831237793,49.455474853515625
2019-02-01,28.544281005859375,13.377583503723145,18.064746856689453,660.0,3.6169748306274414,64.95006561279297,152.03854370117188,28.15343475341797,86.23999786376953,79.60901641845703,64.09054565429688,7.532726287841797,2.0426084995269775,18.89058494567871,26.428741455078125,27.975566864013672,33.80968475341797,1519.06396484375,64.4000015258789,,,35.14753341674805,52.71007537841797
2019-03-01,27.08587646484375,12.612074851989746,18.901262283325195,698.0,3.2773091793060303,68.07197570800781,157.77581787109375,26.96159553527832,103.9000015258789,84.5329360961914,63.022377014160156,6.9835734367370605,2.128469705581665,16.879079818725586,25.552387237548828,29.026647567749023,31.303667068481445,1442.1883544921875,67.69999694824219,,,34.87773132324219,55.1828498840332
2019-04-01,30.749454498291016,13.157970428466797,17.096782684326172,725.5999755859375,3.5618937015533447,65.23672485351562,175.08209228515625,28.778417587280273,102.05000305175781,86.47374725341797,66.8770980834961,7.353991985321045,2.0606844425201416,18.066165924072266,26.787569046020508,30.345491409301758,38.65230178833008,1545.42138671875,76.69999694824219,,,32.49858856201172,56.52832794189453
2019-05-01,26.49324607849121,12.346633911132812,16.546072006225586,720.7999877929688,3.1334869861602783,66.31428527832031,161.58815002441406,24.679677963256836,102.19999694824219,86.28679656982422,67.8523941040039,6.522948741912842,2.1212158203125,12.394316673278809,23.475351333618164,28.335248947143555,35.06945037841797,1618.782958984375,79.19999694824219,,,30.797056198120117,57.43911361694336
2019-06-01,31.035972595214844,12.26514720916748,16.252704620361328,678.5999755859375,3.4712462425231934,72.56636047363281,175.37039184570312,26.80411720275879,113.44999694824219,90.06793212890625,75.71533203125,6.860029697418213,2.0917763710021973,14.903488159179688,25.2952823638916,31.235538482666016,36.663516998291016,1706.46044921875,82.4000015258789,,,34.027809143066406,58.79840087890625
2019-07-01,32.73276138305664,11.707789421081543,16.809030532836914,687.0,3.5497422218322754,75.0338363647461,193.5622100830078,25.50738525390625,157.89999389648438,89.13182830810547,75.05775451660156,6.776599884033203,1.9995832443237305,13.749924659729004,24.31633758544922,34.75295639038086,34.56845474243164,1745.781982421875,81.19999694824219,,,37.42639923095703,60.21279525756836
2019-08-01,30.847442626953125,10.550699234008789,17.4910888671875,658.7999877929688,2.745757818222046,71.53897857666016,193.03721618652344,23.84337043762207,153.5,89.390869140625,59.9334716796875,5.85147762298584,2.267592191696167,12.399369239807129,21.765371322631836,35.080162048339844,32.22290802001953,1757.399658203125,86.8499984741211,,,36.385841369628906,60.176055908203125
2019-09-01,32.64298629760742,10.937376022338867,19.135425567626953,604.4000244140625,3.1579463481903076,71.81997680664062,216.8984832763672,25.3874568939209,139.8000030517578,91.60809326171875,63.73802947998047,6.633805751800537,2.2526323795318604,12.223207473754883,23.82782554626465,34.765228271484375,34.226871490478516,1739.1224365234375,73.19999694824219,,,39.57463455200195,61.892852783203125
2019-10-01,32.373653411865234,11.285614967346191,18.61025619506836,629.4000244140625,3.206759452819824,72.48733520507812,224.29542541503906,25.146286010742188,164.8000030517578,84.4945068359375,65.6637954711914,6.9957499504089355,2.188856363296509,12.530067443847656,25.02140998840332,32.12307357788086,38.62333679199219,1672.0772705078125,73.0,,,41.27812576293945,61.005760192871094
2019-11-01,34.51932907104492,10.474185943603516,19.493877410888672,696.2000122070312,3.3854644298553467,76.70134735107422,235.74879455566406,25.851394653320312,178.85000610351562,86.87802124023438,70.92440795898438,7.2140212059021,2.2014544010162354,14.70649242401123,25.51202964782715,34.47483444213867,41.12871551513672,1685.576416015625,81.5999984741211,,,40.60679626464844,60.21107864379883
2019-12-01,35.91984939575195,10.967804908752441,18.58524513244629,731.0,3.364780902862549,79.98401641845703,252.79527282714844,25.567821502685547,186.5,87.69098663330078,73.08502197265625,7.382559776306152,2.071540355682373,14.814461708068848,24.765119552612305,35.5995979309082,42.358062744140625,1714.8240966796875,82.19999694824219,,,40.55645751953125,60.081703186035156
2020-01-01,35.47994613647461,10.629711151123047,18.50605583190918,831.0,3.0355007648468018,75.27182006835938,243.7360076904297,25.78241729736328,202.10000610351562,90.8320541381836,73.31986999511719,6.786457061767578,1.9943785667419434,12.64940071105957,22.993043899536133,33.86542510986328,40.4284553527832,1811.5672607421875,85.0999984741211,,,40.598411560058594,62.76144790649414
2020-02-01,30.299800872802734,8.4118070602417,17.655776977539062,797.2000122070312,2.5407533645629883,63.66777038574219,237.84031677246094,23.08461570739746,187.3000030517578,83.34894561767578,69.46833801269531,5.946526527404785,1.732975721359253,12.156912803649902,22.582977294921875,31.67317008972168,36.343589782714844,1680.6265869140625,79.30000305175781,,,36.209617614746094,61.2829704284668
2020-03-01,19.42778205871582,5.06060791015625,17.743305206298828,770.5999755859375,1.9144585132598877,52.954994201660156,232.4239959716797,17.597036361694336,181.0,70.35973358154297,60.82590103149414,3.3027427196502686,1.7132922410964966,8.202791213989258,18.013660430908203,30.196670532226562,25.030471801757812,1558.6856689453125,68.69999694824219,,,39.792816162109375,59.30550765991211
2020-04-01,23.072736740112305,4.733331680297852,18.47270965576172,901.2000122070312,1.9442428350448608,61.064579010009766,259.45782470703125,18.815643310546875,201.5,71.70853424072266,75.82804870605469,3.459193468093872,1.6629011631011963,9.472844123840332,19.339054107666016,32.48708724975586,28.500661849975586,1616.7313232421875,93.0199966430664,,,44.15643310546875,62.022220611572266
2020-05-01,22.130077362060547,5.437233924865723,19.41285514831543,1183.0,1.9897465705871582,66.39706420898438,282.24871826171875,18.93061065673828,183.35000610351562,77.26583862304688,79.67957305908203,4.376534461975098,1.8033744096755981,8.149752616882324,20.33493423461914,33.3664436340332,29.356534957885742,1716.5877685546875,97.55999755859375,,,42.30263900756836,67.01744842529297
2020-06-01,26.20595932006836,5.78111457824707,20.64690589904785,1295.5,2.1949262619018555,71.9361572265625,314.95855712890625,20.953962326049805,175.0500030517578,76.87239837646484,78.60867309570312,4.672021389007568,1.9310179948806763,8.874279975891113,21.8946533203125,34.65253448486328,30.85820770263672,1713.3809814453125,92.76000213623047,,,40.38954544067383,64.9979476928711
2020-07-01,27.89077377319336,5.296967506408691,20.82562828063965,1417.0,2.0733072757720947,71.9361572265625,288.7521667480469,20.946298599243164,157.60000610351562,77.04100799560547,82.25352478027344,4.444376468658447,1.795192003250122,8.845868110656738,22.70013999938965,36.630531311035156,31.636280059814453,1479.7381591796875,91.76000213623047,,,39.763275146484375,62.510986328125
2020-08-01,29.230344772338867,6.020925998687744,21.463930130004883,1413.0,1.930178165435791,74.822998046875,302.81878662109375,22.264541625976562,113.9000015258789,72.65687561035156,84.97106170654297,5.128821849822998,1.8316993713378906,10.041101455688477,23.102882385253906,33.07931900024414,33.9782600402832,1572.629150390625,93.23999786376953,,,39.48017120361328,64.32479858398438
2020-09-01,28.472793579101562,5.393494606018066,21.9072208404541,1572.5,1.8856236934661865,77.96241760253906,303.20428466796875,22.8674373626709,121.19999694824219,71.08307647705078,96.48031616210938,4.565736770629883,1.6732909679412842,10.781729698181152,25.122896194458008,33.550865173339844,34.64739990234375,1594.336669921875,95.76000213623047,,,41.23027420043945,68.10199737548828
2020-10-01,26.643587112426758,5.3135576248168945,20.466981887817383,1447.5,1.9663153886795044,74.60649108886719,300.60284423828125,20.795822143554688,101.4000015258789,71.38285064697266,94.44815063476562,4.41648530960083,1.9342477321624756,11.035552024841309,23.46894073486328,33.27962112426758,33.38692855834961,1410.9786376953125,95.5199966430664,,,38.28770446777344,65.50153350830078
2020-11-01,33.53544235229492,6.523172855377197,20.814027786254883,1602.0,2.663655996322632,80.74461364746094,350.558837890625,24.923114776611328,103.1500015258789,82.92401123046875,99.61402893066406,6.1622748374938965,2.0834848880767822,14.537909507751465,26.690631866455078,36.18819808959961,40.45957565307617,1614.1962890625,89.04000091552734,,,37.77296829223633,66.17931365966797
2020-12-01,33.683258056640625,6.0480756759643555,20.0505313873291,1905.0,2.747744560241699,79.65666198730469,384.50665283203125,26.174049377441406,80.4800033569336,85.45332336425781,98.99678802490234,5.7597479820251465,2.0734798908233643,17.881153106689453,27.850751876831055,36.538726806640625,41.424381256103516,1655.7637939453125,92.4000015258789,,,36.88076400756836,65.01200866699219
2021-01-01,34.357666015625,6.493007183074951,20.466981887817383,1719.5,2.8895909786224365,76.01200103759766,425.0318908691406,25.43305206298828,86.04000091552734,80.50712585449219,97.09756469726562,5.559238910675049,2.147681951522827,17.087488174438477,26.886598587036133,37.51938247680664,40.0394172668457,1674.23779296875,94.58000183105469,41.84410858154297,,35.7655029296875,64.4283447265625
2021-02-01,35.69723129272461,7.179261207580566,18.94866180419922,1916.0,3.3601479530334473,77.57140350341797,450.0821838378906,27.56840705871582,68.26000213623047,76.53515625,96.81267547607422,6.8135528564453125,2.2577338218688965,18.333866119384766,29.943674087524414,37.51938247680664,43.058326721191406,1563.3919677734375,79.87999725341797,37.61164855957031,,33.89529800415039,61.83012008666992
2021-03-01,39.90995407104492,7.812723636627197,20.605798721313477,1903.5,3.4399895668029785,86.38386535644531,500.0375061035156,30.444766998291016,66.12000274658203,82.08091735839844,112.52871704101562,7.971163272857666,2.4128072261810303,23.32695198059082,32.67936706542969,40.624088287353516,46.6685676574707,1680.2423095703125,78.62000274658203,41.96638488769531,,36.41749954223633,69.77540588378906
2021-04-01,41.619056701660156,8.105324745178223,19.425846099853516,2041.5,3.283703565597534,90.59062957763672,523.443603515625,29.010570526123047,64.88999938964844,90.34333801269531,114.85525512695312,8.122455596923828,2.389462471008301,22.967052459716797,32.58530044555664,39.12598419189453,48.027748107910156,1736.127197265625,86.0,42.84840393066406,,32.685672760009766,70.84859466552734
2021-05-01,42.690711975097656,8.235033988952637,20.862070083618164,1890.4000244140625,3.275209426879883,96.90962219238281,529.246826171875,28.054441452026367,61.099998474121094,92.1148681640625,125.63333892822266,8.664971351623535,2.3381545543670654,25.472122192382812,32.55393981933594,38.41240310668945,50.95354080200195,1728.67138671875,74.23999786376953,43.01598358154297,,34.243133544921875,74.70476531982422
2021-06-01,42.41400909423828,7.686032295227051,22.138078689575195,2060.5,2.9719812870025635,95.89727020263672,561.9998779296875,26.900007247924805,58.47999954223633,96.43657684326172,127.34261322021484,8.512150764465332,2.2658941745758057,24.48240852355957,32.27251434326172,35.505706787109375,51.561073303222656,1803.8717041015625,77.87000274658203,43.918704986572266,,33.90672302246094,80.68571472167969
2021-07-01,48.0292854309082,7.4077606201171875,23.131511688232422,2289.5,3.100872039794922,95.80524444580078,619.8099365234375,28.600345611572266,51.209999084472656,92.66214752197266,139.69338989257812,8.287504196166992,2.381166934967041,28.081769943237305,34.01675796508789,33.04180145263672,48.891090393066406,1987.1727294921875,74.86000061035156,43.22920227050781,,31.596107482910156,91.50475311279297
2021-08-01,49.507972717285156,8.915253639221191,25.228755950927734,2734.5,3.618546724319458,96.08133697509766,683.3427734375,31.959753036499023,50.310001373291016,87.47230529785156,159.64273071289062,8.94005012512207,2.3727519512176514,27.144912719726562,35.671756744384766,33.169246673583984,49.80240249633789,2051.09326171875,76.72000122070312,41.943634033203125,,32.46369171142578,92.78095245361328
2021-09-01,46.66290283203125,9.391860961914062,25.765886306762695,2415.0,3.9295859336853027,86.85973358154297,626.5027465820312,33.30929183959961,45.15999984741211,85.357177734375,158.1118621826172,9.60329532623291,2.373626470565796,25.295101165771484,37.49292755126953,32.57451248168945,46.44493865966797,2031.5623779296875,63.040000915527344,41.8675651550293,,30.09996223449707,87.70004272460938
2021-10-01,44.78178405761719,9.596982955932617,25.22339630126953,2610.5,3.8574507236480713,91.4981460571289,679.4630126953125,34.101566314697266,45.80500030517578,90.67545318603516,183.7541961669922,10.025083541870117,2.259972095489502,28.033971786499023,38.36254119873047,34.60085678100586,51.11030578613281,2142.271484375,62.119998931884766,41.56687545776367,,30.454078674316406,86.79985809326172
2021-11-01,50.724613189697266,10.05074405670166,26.586341857910156,2447.5,3.440476417541504,85.91534423828125,678.5899658203125,31.800594329833984,42.41999816894531,83.21852111816406,187.62925720214844,9.700601577758789,2.2739598751068115,22.87648582458496,36.39140701293945,26.50396156311035,45.7856330871582,2211.346435546875,55.189998626708984,40.7635383605957,,29.710433959960938,95.05465698242188
2021-12-01,54.52427673339844,10.30280876159668,27.021228790283203,2311.5,3.8644888401031494,89.22547149658203,687.2527465820312,34.135284423828125,49.220001220703125,93.5522232055664,186.28973388671875,9.727617263793945,2.38673996925354,26.905920028686523,39.43092727661133,27.83786964416504,49.335418701171875,2272.85205078125,48.470001220703125,42.62665939331055,,27.26702308654785,99.21077728271484
2022-01-01,50.481285095214844,11.34936237335205,25.7838191986084,1789.0,4.3940629959106445,84.6578598022461,577.8485717773438,34.71684265136719,59.58000183105469,89.91838836669922,145.6255645751953,10.379199028015137,2.5589702129364014,25.04176902770996,41.062496185302734,24.96614646911621,47.297576904296875,2147.948974609375,43.46500015258789,41.109291076660156,,26.974878311157227,86.41680145263672
2022-02-01,46.522518157958984,9.462057113647461,24.640562057495117,1864.4000244140625,3.8838415145874023,78.5923843383789,582.419189453125,32.47487258911133,58.7400016784668,85.52751159667969,138.44952392578125,8.341818809509277,2.6665046215057373,26.48529052734375,35.430686950683594,25.77753448486328,49.877742767333984,2158.35791015625,36.220001220703125,40.493282318115234,,29.25008201599121,86.97223663330078
2022-03-01,44.154747009277344,9.286566734313965,26.10662269592285,1809.0,4.224282264709473,72.32347869873047,593.2138061523438,35.59340286254883,56.29999923706055,81.93153381347656,148.5438232421875,7.55753755569458,2.7478110790252686,28.01007080078125,37.9815673828125,23.560020446777344,44.89818572998047,2254.87353515625,30.7549991607666,37.43896484375,,26.001054763793945,92.48819732666016
2022-04-01,43.6400146484375,9.568147659301758,25.18753433227539,1623.0,4.367672920227051,76.83561706542969,532.919921875,36.52896499633789,56.0,88.38538360595703,146.10397338867188,7.230953216552734,2.8719568252563477,26.877241134643555,38.87602996826172,21.240550994873047,43.41404342651367,2264.33544921875,26.299999237060547,40.479248046875,,22.68120574951172,92.48819732666016
2022-05-01,43.25630187988281,9.139758110046387,23.4786319732666,1447.199951171875,4.374709606170654,76.59943389892578,521.2501220703125,35.82097244262695,51.63999938964844,89.68819427490234,133.66551208496094,8.748017311096191,3.046311855316162,28.6362361907959,38.3542594909668,20.382434844970703,44.86516189575195,2185.756591796875,20.790000915527344,40.968441009521484,,24.691808700561523,89.18946075439453
2022-06-01,35.311466217041016,8.980515480041504,22.70682144165039,1388.0,3.6313698291778564,58.99946212768555,446.3882751464844,33.721309661865234,53.040000915527344,83.16854858398438,126.73474884033203,8.054197311401367,3.053494930267334,20.86742401123047,37.1352424621582,18.118640899658203,39.4362678527832,2137.739013671875,15.065999984741211,40.00924301147461,,22.26886558532715,89.59600830078125
2022-07-01,39.593658447265625,8.364492416381836,24.556428909301758,1745.0,3.8388679027557373,61.97675704956055,543.8720703125,35.58354568481445,49.58000183105469,91.86778259277344,150.78485107421875,8.105438232421875,2.8918864727020264,23.200580596923828,39.14023971557617,17.76605224609375,42.03974533081055,2329.80908203125,17.799999237060547,43.99446487426758,,20.92792510986328,102.60563659667969
2022-08-01,34.71329116821289,8.024213790893555,25.026823043823242,1545.0,4.003749370574951,59.395179748535156,474.5904541015625,35.557315826416016,50.13999938964844,85.78787994384766,133.3642578125,7.486279010772705,2.88913893699646,23.045358657836914,35.10454177856445,14.674732208251953,39.68381881713867,2172.31201171875,16.68199920654297,41.957984924316406,,20.289823532104492,94.31975555419922
2022-09-01,32.06421661376953,7.973578453063965,24.271347045898438,1301.800048828125,3.7654123306274414,54.94807815551758,425.62200927734375,35.42515182495117,43.91999816894531,86.36215209960938,118.6535415649414,7.703263759613037,2.5264015197753906,20.047670364379883,35.036827087402344,14.10353946685791,38.05344009399414,2128.43115234375,16.176000595092773,42.13887023925781,,17.293514251708984,97.31122589111328
2022-10-01,33.40299606323242,8.602617263793945,26.23552703857422,1452.5999755859375,4.300573825836182,58.829864501953125,469.205078125,39.91931915283203,46.189998626708984,81.30690002441406,127.07349395751953,8.656389236450195,2.580174207687378,21.978221893310547,37.561370849609375,11.298697471618652,45.82408905029297,2262.786865234375,17.360000610351562,43.06607437133789,,19.14308738708496,104.74202728271484
2022-11-01,35.70075607299805,10.571817398071289,25.8315486907959,1463.800048828125,4.281297206878662,64.74625396728516,550.7760620117188,38.934539794921875,38.11000061035156,84.84365844726562,134.767578125,10.079118728637695,2.681339740753174,25.038970947265625,35.60660171508789,12.509839057922363,49.96678924560547,2234.755859375,21.59000015258789,44.73411178588867,,26.125226974487305,102.45337677001953
2022-12-01,34.399959564208984,11.168022155761719,24.92607307434082,1288.4000244140625,4.349225044250488,59.37445831298828,495.9686584472656,39.7044563293457,41.349998474121094,84.459228515625,128.86392211914062,9.903450965881348,2.6339468955993652,23.840864181518555,33.450218200683594,12.344121932983398,51.7474250793457,2211.557861328125,19.75,44.0815315246582,,25.662832260131836,95.20763397216797
2023-01-01,41.065364837646484,13.142407417297363,25.43221092224121,1377.5999755859375,4.622772693634033,64.67032623291016,593.23291015625,38.836063385009766,40.38999938964844,87.97676849365234,140.38088989257812,11.524458885192871,2.86270809173584,27.512794494628906,34.905338287353516,13.9413480758667,53.310020446777344,2321.7490234375,23.450000762939453,43.81348419189453,,25.542612075805664,97.53523254394531
2023-02-01,43.71443557739258,14.434183120727539,27.874670028686523,1345.199951171875,4.528224468231201,65.71430969238281,574.9219970703125,38.549583435058594,34.880001068115234,92.74369049072266,145.07476806640625,11.613933563232422,2.953848123550415,27.595252990722656,33.57293701171875,13.618730545043945,52.78309631347656,2419.37451171875,20.700000762939453,44.39189529418945,,27.910066604614258,106.59241485595703
2023-03-01,41.217281341552734,12.632610321044922,29.244487762451172,1459.199951171875,3.626802444458008,68.31480407714844,616.8030395507812,32.89158630371094,35.33000183105469,95.20404052734375,145.5586700439453,9.568845748901367,2.9675192832946777,27.037431716918945,29.33030128479004,14.840449333190918,49.6033935546875,2530.5322265625,17.530000686645508,45.25153350830078,,30.046323776245117,113.31227111816406
2023-04-01,39.66961669921875,12.541884422302246,28.99374008178711,1452.0,3.78468918800354,71.31388092041016,565.79736328125,35.6668701171875,35.09000015258789,99.99980926513672,131.81576538085938,9.805221557617188,3.0158236026763916,24.941957473754883,29.602041244506836,16.823759078979492,47.04936981201172,2557.59716796875,15.880000114440918,47.927345275878906,,31.997621536254883,117.01305389404297
2023-05-01,37.504783630371094,12.281543731689453,28.074176788330078,1526.800048828125,3.7773454189300537,68.2318115234375,664.4714965820312,35.63106155395508,38.68000030517578,91.90138244628906,138.4141082763672,10.427589416503906,3.0194690227508545,22.536043167114258,29.558216094970703,16.249126434326172,43.837547302246094,2462.065185546875,14.067999839782715,44.40229034423828,,31.555334091186523,104.01161193847656
2023-06-01,37.587188720703125,12.845746040344238,29.58863067626953,1585.800048828125,4.3709716796875,72.37763977050781,656.0604248046875,36.920223236083984,37.369998931884766,91.60957336425781,129.69859313964844,11.179667472839355,3.0673227310180664,24.40146255493164,29.724760055541992,19.153587341308594,46.179500579833984,2570.9453125,14.03600025177002,45.66236114501953,,31.401639938354492,114.48224639892578
2023-07-01,40.02601623535156,13.956095695495605,29.70694923400879,1689.800048828125,4.6674041748046875,75.32234191894531,645.37353515625,38.62589645385742,38.08000183105469,86.70712280273438,135.85360717773438,12.033227920532227,3.0889036655426025,25.742416381835938,32.25282669067383,18.283321380615234,50.930320739746094,2569.964599609375,16.336000442504883,46.815643310546875,,32.91937255859375,112.4150619506836
2023-08-01,37.47012710571289,12.272517204284668,28.5616397857666,772.5,4.474817276000977,72.68760681152344,601.5372314453125,37.765254974365234,35.0,87.36856079101562,125.31621551513672,11.87012767791748,3.075727939605713,24.00994110107422,32.88161087036133,20.11281394958496,51.79063034057617,2528.7666015625,13.001999855041504,45.19817352294922,,31.977994918823242,109.46195220947266
2023-09-01,33.831398010253906,12.68651294708252,27.424806594848633,705.7000122070312,4.455556392669678,66.33325958251953,554.4806518554688,33.22819137573242,32.529998779296875,81.81587982177734,118.1763916015625,11.675589561462402,2.972790479660034,23.27094841003418,29.025136947631836,18.339405059814453,50.070011138916016,2739.85009765625,11.770000457763672,45.270286560058594,,31.14228057861328,113.59788513183594
2023-10-01,28.70010757446289,11.973841667175293,26.924774169921875,633.9000244140625,4.457501411437988,61.27688980102539,560.6294555664062,33.83513259887695,31.229999542236328,83.07066345214844,111.7751693725586,11.189959526062012,3.02616548538208,20.43732452392578,28.85350227355957,17.306690216064453,46.686126708984375,2831.672119140625,11.456000328063965,43.10742950439453,,30.55632209777832,119.98868560791016
2023-11-01,35.38249206542969,11.624584197998047,25.540071487426758,1071.0,4.887303829193115,68.7310562133789,617.852783203125,40.63099670410156,34.11000061035156,82.2472152709961,139.39891052246094,11.980735778808594,2.9994781017303467,22.60047149658203,33.2682991027832,18.14988136291504,52.096519470214844,3001.493408203125,14.336000442504883,42.2094612121582,,30.2585391998291,125.14097595214844
2023-12-01,38.2993278503418,12.828104019165039,25.016000747680664,1166.5999755859375,5.103178024291992,72.98406982421875,677.806396484375,41.04432678222656,36.9900016784668,90.12882995605469,155.15576171875,12.583587646484375,2.9718375205993652,25.406208038330078,34.08832550048828,20.388397216796875,54.2186164855957,3070.606689453125,13.781999588012695,42.75358963012695,,29.24031639099121,127.5189437866211
