Date,1COV,ADS,AIR,ALV,BAS,BAYN,BEI,BMW,BNR,CON,DB1,DBK,DHL,DTE,DWNI,ENR,EOAN,FME,FRE,HEI,HEN,HFG,IFX,MBG,MRK,MTX,MUV2,PAH3,PUM,QGEN,RWE,SAP,SHL,SIE,SRT3,SY1,VNA,VOW,ZAL
2004-01-01,,,12.065169334411621,18.344877243041992,,,31.66670036315918,0.014999999664723873,,,,,,14.495927810668945,,,,,,2.793032169342041,,,0.5,,21.64125633239746,24.611095428466797,,,,12.635619163513184,50.5,30.20040512084961,,0.8999999761581421,,,,,
2004-02-01,,,11.676555633544922,19.689125061035156,,,29.45669937133789,0.014999999664723873,,,,,,15.000126838684082,,,,,,3.1196553707122803,,,0.47999998927116394,,21.859479904174805,25.308549880981445,,,,12.907144546508789,55.54999923706055,28.845535278320312,,0.8500000238418579,,,,,
2004-03-01,,,11.09814739227295,18.263944625854492,,,28.850000381469727,0.014999999664723873,,,,,,15.255945205688477,,,,,,2.975525379180908,,,0.550000011920929,,20.090900421142578,26.55003547668457,,,,12.75198745727539,57.20000076293945,28.634294509887695,,1.0,,,,,
2004-04-01,,,9.17314338684082,18.945497512817383,,,30.373300552368164,0.014999999664723873,,,,,,14.646109580993652,,,,,,3.0343151092529297,,,0.5699999928474426,,21.53533172607422,27.295211791992188,,,,11.4913330078125,56.29999923706055,27.155593872070312,,0.800000011920929,,,,,
2004-05-01,,,8.657999038696289,18.419857025146484,,,30.549999237060547,0.014999999664723873,,,,,,15.09277629852295,,,,,,2.7896745204925537,,,0.4000000059604645,,21.672801971435547,26.760009765625,,,,10.76403522491455,55.20000076293945,29.428279876708984,,1.0,,,,,
2004-06-01,,,10.257652282714844,18.887760162353516,,,31.549999237060547,0.014999999664723873,,,,,,15.216638565063477,,,,,,3.461015462875366,,,0.47999998927116394,,21.764436721801758,27.01648712158203,,,,11.743465423583984,58.849998474121094,30.653318405151367,,0.949999988079071,,,,,
2004-07-01,,,9.399084091186523,18.838518142700195,,,31.933300018310547,0.014999999664723873,,,,,,15.272350311279297,,,,,,3.332057476043701,,,0.46000000834465027,,20.93951416015625,26.024330139160156,,,,9.551868438720703,62.75,29.33363914489746,,1.0,,,,,
2004-08-01,,,9.670211791992188,18.910139083862305,,,26.733299255371094,0.014999999664723873,,,,,,15.70957088470459,,,,,,3.097383737564087,,,0.5,,20.764057159423828,26.164072036743164,,,,8.669411659240723,62.70000076293945,26.730934143066406,,0.8999999761581421,,,,,
2004-09-01,,,11.251788139343262,18.170198440551758,,,25.413299560546875,0.014999999664723873,,,,,,16.040346145629883,,,,,,3.3575568199157715,,,0.4300000071525574,,15.237128257751465,27.417083740234375,,,,11.103440284729004,59.5,28.55649185180664,,0.8999999761581421,,,,,
2004-10-01,,,10.619157791137695,19.227121353149414,,,24.646699905395508,0.014999999664723873,,,,,,16.44328498840332,,,,,,3.437317132949829,,,0.44999998807907104,,14.580005645751953,28.01961326599121,,,,10.298563003540039,63.5,31.269184112548828,,0.8500000238418579,,,,,
2004-11-01,,,12.35437297821045,21.02166175842285,,,27.023300170898438,0.014999999664723873,,,,,,16.893726348876953,,,,,,4.0640106201171875,,,0.41999998688697815,,13.047966003417969,30.93347930908203,,,,10.48281192779541,60.29999923706055,32.62551498413086,,0.800000011920929,,,,,
2004-12-01,,,12.309182167053223,21.820362091064453,,,28.6200008392334,0.03500000014901161,,,,,,16.604982376098633,,,,,,4.289999008178711,,,0.550000011920929,,14.966513633728027,31.1219482421875,,,,10.618574142456055,62.900001525878906,32.412906646728516,,1.649999976158142,,,,,
2005-01-01,,,10.528779029846191,21.30083465576172,,,28.770000457763672,0.04500000178813934,,,,,,17.063199996948242,,,,,,4.134275913238525,,,0.5400000214576721,,13.241521835327148,29.15291404724121,,,,10.434325218200684,68.5,28.387868881225586,,1.7999999523162842,,,,,
2005-02-01,,,10.07690143585205,22.561264038085938,,,28.670000076293945,0.10000000149011612,,,,,,17.22287940979004,,,,,,4.302536487579346,,,0.6899999976158142,,14.964567184448242,29.23224449157715,,,,12.092568397521973,70.6500015258789,29.729543685913086,,1.399999976158142,,,,,
2005-03-01,,,12.291111946105957,21.64146614074707,,,28.65999984741211,0.0949999988079071,,,,,,17.71363067626953,,,,,,3.8215181827545166,,,0.75,,15.280848503112793,30.692691802978516,,,,11.578609466552734,72.05000305175781,29.384967803955078,,1.649999976158142,,,,,
2005-04-01,,,13.312355995178223,20.097265243530273,,,28.036699295043945,0.07000000029802322,,,,,,18.09830093383789,,,,,,3.608577013015747,,,0.8500000238418579,,16.194650650024414,30.502397537231445,,,,12.606527328491211,71.25,28.908409118652344,,1.149999976158142,,,,,
2005-05-01,,,14.496278762817383,21.078283309936523,,,29.06999969482422,0.09000000357627869,,,,,,18.72455406188965,,,,,,4.011643886566162,,,1.0,,15.49718189239502,31.42699432373047,,,,11.617399215698242,76.30000305175781,30.242753982543945,,0.8500000238418579,,,,,
2005-06-01,,,14.198038101196289,20.028675079345703,,,30.843299865722656,0.07000000029802322,,,,,,18.421268463134766,,,,,,4.450832843780518,,,1.149999976158142,,14.71372127532959,28.786481857299805,,,,11.190716743469238,82.9000015258789,32.02547836303711,,0.8500000238418579,,,,,
2005-07-01,,,16.24053382873535,20.37163734436035,,,31.233299255371094,0.07000000029802322,,,,,,18.714597702026367,,,,,,4.7151055335998535,,,1.3200000524520874,,15.013794898986816,29.085569381713867,,,,12.8780517578125,86.5,31.67045021057129,,0.8500000238418579,,,,,
2005-08-01,,,15.906140327453613,20.348770141601562,,,31.4867000579834,0.07000000029802322,,,,,,18.224824905395508,,,,,,4.577261924743652,,,1.3300000429153442,,13.645835876464844,28.482725143432617,,,,12.238028526306152,83.75,31.559513092041016,,1.5,,,,,
2005-09-01,,,15.526565551757812,20.024547576904297,,,31.97330093383789,0.07000000029802322,,,,,,18.26066017150879,,,,,,4.415485858917236,,,1.590000033378601,,13.331866264343262,26.757381439208984,,,,12.645317077636719,84.5999984741211,32.04765701293945,,2.1500000953674316,,,,,
2005-10-01,,,14.396864891052246,19.775964736938477,,,30.086700439453125,0.07000000029802322,,,,,,17.394439697265625,,,,,,4.21945333480835,,,1.1799999475479126,,13.826725006103516,25.00348472595215,,,,11.501030921936035,82.55000305175781,31.759206771850586,,1.899999976158142,,,,,
2005-11-01,,,18.924694061279297,20.144227981567383,,,33.836700439453125,0.06499999761581421,,,,,,17.571603775024414,,,,,,4.345067501068115,,,1.100000023841858,,14.404882431030273,26.481435775756836,,,,10.890100479125977,90.94999694824219,33.393768310546875,,2.3499999046325684,,,,,
2005-12-01,,,21.64500617980957,21.062952041625977,,,34.503299713134766,0.08500000089406967,,,,,,17.390417098999023,,,,,,4.925549507141113,,,1.100000023841858,,15.785492897033691,26.163793563842773,,,,11.394360542297363,96.5,33.3345947265625,,3.5,,,,,
2006-01-01,,,21.53655242919922,22.71847915649414,,,35.516700744628906,0.11999999731779099,,,,,,17.191652297973633,,,,,,4.803746223449707,,,1.149999976158142,,17.120393753051758,26.154434204101562,,,,11.481636047363281,104.5999984741211,37.99419021606445,,6.900000095367432,,,,,
2006-02-01,,,22.874120712280273,24.99504280090332,,,38.233299255371094,0.14000000059604645,,,,,,17.6397762298584,,,,,,5.607911109924316,,,1.4199999570846558,,17.29904556274414,25.059001922607422,,,,14.45871639251709,113.19999694824219,37.794490814208984,,10.800000190734863,,,,,
2006-03-01,,,25.739025115966797,26.409330368041992,,,40.25,0.17000000178813934,,,,,,16.332067489624023,,,,,,6.040608882904053,,,1.25,,17.482656478881836,27.368730545043945,,,,14.45871639251709,111.9000015258789,40.17605972290039,,11.0,,,,,
2006-04-01,,,24.112266540527344,25.811874389648438,,,39.880001068115234,0.17000000178813934,,,,,,16.813648223876953,,,,,,6.25219202041626,,,0.9599999785423279,,17.26872444152832,26.811141967773438,,,,14.449018478393555,108.0999984741211,40.40534591674805,,9.0,,,,,
2006-05-01,,,21.762495040893555,25.951908111572266,,,37.28329849243164,0.1599999964237213,,,,,,16.66522216796875,,,,,,5.842369556427002,,,0.949999988079071,,16.701805114746094,27.335927963256836,,,,13.818693161010742,104.0,38.926109313964844,,6.599999904632568,,,,,
2006-06-01,,,20.090543746948242,26.559410095214844,,,39.470001220703125,0.16500000655651093,,,,,,16.797157287597656,,,,,,5.403951644897461,,,0.8500000238418579,,18.48915672302246,24.38710594177246,,,,13.304734230041504,101.69999694824219,39.14885711669922,,7.400000095367432,,,,,
2006-07-01,,,21.400991439819336,26.371606826782227,,,41.20000076293945,0.15000000596046448,,,,,,17.669734954833984,,,,,,5.880491733551025,,,0.9700000286102295,,20.43805694580078,23.73990821838379,,,,14.74963665008545,107.80000305175781,34.012996673583984,,5.800000190734863,,,,,
2006-08-01,,,20.162841796875,26.535940170288086,,,42.81999969482422,0.20999999344348907,,,,,,17.42756462097168,,,,,,6.324047565460205,,,0.9599999785423279,,20.580167770385742,24.382415771484375,,,,14.022336959838867,112.80000305175781,35.585811614990234,,5.5,,,,,
2006-09-01,,,21.545595169067383,26.036672592163086,,,41.56999969482422,0.18000000715255737,,,,,,17.33152961730957,,,,,,6.547383785247803,,,0.9300000071525574,,21.46293830871582,25.068010330200195,,,,15.360568046569824,116.0,36.89772033691406,,4.0,,,,,
2006-10-01,,,23.533863067626953,26.868186950683594,,,43.70000076293945,0.18000000715255737,,,,,,19.205657958984375,,,,,,6.925337314605713,,,0.8899999856948853,,23.266033172607422,25.894227981567383,,,,15.331476211547852,122.5999984741211,37.0020866394043,,4.099999904632568,,,,,
2006-11-01,,,24.030925750732422,27.690244674682617,,,45.209999084472656,0.18000000715255737,,,,,,19.90743064880371,,,,,,7.099043846130371,,,0.5299999713897705,,22.79990005493164,26.68288230895996,,,,14.148402214050293,138.39999389648438,38.92523956298828,,3.5999999046325684,,,,,
2006-12-01,,,26.380695343017578,28.6774845123291,,,49.0099983215332,0.18000000715255737,,,,,,20.4654598236084,,,,,,7.41209602355957,,,0.9800000190734863,,22.33376121520996,27.623519897460938,,,,14.672057151794434,133.89999389648438,39.58119583129883,,3.549999952316284,,,,,
2007-01-01,,,26.922954559326172,28.696510314941406,,,50.560001373291016,0.18000000715255737,,,,,,19.818511962890625,,,,,,6.9940571784973145,,,0.6499999761581421,,23.116374969482422,27.285213470458984,,,,16.74728775024414,130.1999969482422,34.542232513427734,,6.099999904632568,,,,,
2007-02-01,,,26.281280517578125,27.277463912963867,,,48.72999954223633,0.18000000715255737,,,,,,19.788593292236328,,,,,,7.022288799285889,,,0.6600000262260437,,22.80643653869629,29.080114364624023,,,,15.893922805786133,124.30000305175781,34.30370330810547,,4.599999904632568,,,,,
2007-03-01,,,24.90757179260254,27.3253116607666,,,50.790000915527344,0.18000000715255737,,,,,,20.472434997558594,,,,,,6.972607135772705,,,0.5,,22.816749572753906,29.230405807495117,,,,16.660009384155273,128.39999389648438,33.282501220703125,,4.199999809265137,,,,,
2007-04-01,,,27.600767135620117,27.822935104370117,,,53.15999984741211,0.18000000715255737,,,,,,21.872407913208008,,,,,,6.907638072967529,,,0.5,,26.800186157226562,29.91695785522461,,,,17.193363189697266,128.0,35.77961730957031,,3.5999999046325684,,,,,
2007-05-01,,,29.37213897705078,28.56455421447754,,,52.529998779296875,0.18000000715255737,,,,,,22.862472534179688,,,,,,8.197444915771484,,,0.47999998927116394,,27.326387405395508,29.91225242614746,,,,16.90244483947754,138.60000610351562,35.585811614990234,,3.6500000953674316,,,,,
2007-06-01,,,29.833053588867188,27.398006439208984,,,51.90999984741211,0.18000000715255737,,,,,,20.847749710083008,,,,,,8.040760040283203,,,0.6000000238418579,,25.945751190185547,31.50606918334961,,,,17.25154685974121,130.60000610351562,38.559627532958984,,3.549999952316284,,,,,
2007-07-01,,,26.95909881591797,26.945152282714844,,,51.130001068115234,0.14499999582767487,,,,,,20.26180648803711,,,,,,7.673879146575928,,,0.550000011920929,,26.060102462768555,30.433141708374023,,,,16.679405212402344,127.5,40.71147155761719,,4.300000190734863,,,,,
2007-08-01,,,28.378000259399414,27.638893127441406,,,48.25,0.12999999523162842,,,,,,20.88652229309082,,,,,,8.734911918640137,,,0.4699999988079071,,26.33304214477539,31.01666831970215,,,,16.504854202270508,135.0,40.82472229003906,,3.5999999046325684,,,,,
2007-09-01,,,27.420015335083008,28.988142013549805,,,52.150001525878906,0.10499999672174454,,,,,,21.1617431640625,,,,,,9.440670013427734,,,0.550000011920929,,27.130844116210938,31.553926467895508,,,,18.8225154876709,145.8000030517578,44.297889709472656,,3.5999999046325684,,,,,
2007-10-01,,,28.96544647216797,30.652219772338867,,,53.68000030517578,0.14499999582767487,,,,,,21.90662384033203,,,,,,10.412273406982422,,,0.4000000059604645,,30.81328010559082,33.07038497924805,,,,22.827510833740234,157.1999969482422,40.983280181884766,,3.0,,,,,
2007-11-01,,,29.84209442138672,28.33317756652832,,,55.20000076293945,0.11999999731779099,,,,,,21.663721084594727,,,,,,9.421539306640625,,,0.30000001192092896,,31.395055770874023,31.50680923461914,,,,20.432270050048828,152.89999389648438,38.672882080078125,,2.0,,,,,
2007-12-01,,,34.36990737915039,25.73516845703125,,,53.16999816894531,0.12999999523162842,,,,148.5,,19.415632247924805,,,,36.599998474121094,,10.41992473602295,,,14.350000381469727,,30.73396110534668,31.553627014160156,,,,20.41287612915039,158.0,38.544525146484375,,1.600000023841858,,,,,
2008-01-01,,,26.715087890625,24.514568328857422,,,51.599998474121094,0.10499999672174454,,,,119.5,,19.035287857055664,,,,34.310001373291016,,8.513045310974121,,,10.550000190734863,,24.54166603088379,25.32773208618164,,,,19.782548904418945,134.0,36.022705078125,,2.0,,,,,
2008-02-01,,,23.39829444885254,24.36320686340332,,,52.47999954223633,0.15000000596046448,,,,117.19999694824219,,17.77610206604004,,,,34.349998474121094,,8.385003089904785,,,0.20000000298023224,,23.583419799804688,28.410051345825195,,,,21.324424743652344,127.19999694824219,35.79619216918945,,1.850000023841858,,,,,
2008-03-01,,,24.645479202270508,24.69206428527832,,,52.09000015258789,0.10999999940395355,,,,112.30000305175781,,17.365291595458984,,,,31.799999237060547,,9.332621574401855,,,7.050000190734863,,20.202959060668945,29.62091827392578,,,,20.17044448852539,120.9000015258789,37.427066802978516,,1.600000023841858,,,,,
2008-04-01,,,21.147932052612305,30.122371673583984,,,53.040000915527344,0.125,,,,125.5999984741211,,18.245607376098633,,,,32.93000030517578,,9.860993385314941,,,9.729999542236328,,20.42826271057129,31.950965881347656,,,,21.53776741027832,119.30000305175781,37.925392150878906,,1.899999976158142,,,,,
2008-05-01,,,17.424453735351562,26.890756607055664,,,50.650001525878906,0.11999999731779099,,,,112.19999694824219,,20.024450302124023,,,,35.70000076293945,,9.711669921875,,,10.100000381469727,,20.922319412231445,32.8329963684082,,,,19.307382583618164,134.5,41.224891662597656,,1.5,,,,,
2008-06-01,,,12.227846145629883,23.08021354675293,,,46.220001220703125,0.1599999964237213,,,,88.0,,19.209716796875,,,,36.380001068115234,,6.229403495788574,,,8.979999542236328,,20.24030303955078,30.01510238647461,,,,19.520723342895508,127.19999694824219,39.908058166503906,,1.5499999523162842,,,,,
2008-07-01,,,15.535604476928711,19.32757568359375,,,40.720001220703125,0.10000000149011612,,,,95.94999694824219,,18.775646209716797,,,,36.349998474121094,,6.665884971618652,,,7.289999961853027,,17.84478759765625,30.449352264404297,,,,18.221281051635742,121.80000305175781,44.273353576660156,,1.0,,,,,
2008-08-01,,,14.342638969421387,19.00577735900879,,,38.41999816894531,0.13500000536441803,,,,94.19999694824219,,19.316287994384766,,,,37.0,,6.831870079040527,,,9.0,,19.347225189208984,31.001609802246094,,,,20.519546508789062,118.9000015258789,42.94845199584961,,0.75,,,,,
2008-09-01,,,14.993343353271484,16.89186668395996,,,43.54999923706055,0.15000000596046448,,,,74.30000305175781,,18.381620407104492,,,,36.349998474121094,,6.293066024780273,,,9.069999694824219,,17.117996215820312,28.039932250976562,,,,19.132829666137695,103.5999984741211,40.918968200683594,,0.699999988079071,,,,,
2008-10-01,,,14.451090812683105,10.690674781799316,,,42.79999923706055,0.11999999731779099,,,,43.75,,16.372657775878906,,,,32.439998626708984,,7.376424312591553,,,3.690000057220459,,16.972293853759766,26.811756134033203,,,,13.828391075134277,95.94999694824219,27.057212829589844,,0.30000001192092896,,,,,
2008-11-01,,,15.309659957885742,9.554540634155273,,,42.20000076293945,0.0949999988079071,,,,29.0,,17.2492618560791,,,,35.060001373291016,,6.160760879516602,,,0.1599999964237213,,14.652654647827148,22.17780303955078,,,,15.641792297363281,101.80000305175781,26.145858764648438,,0.30000001192092896,,,,,
2008-12-01,,,16.638181686401367,10.947568893432617,,,42.630001068115234,0.05000000074505806,,,,,,16.54426383972168,,,,,,7.445450782775879,,,0.07999999821186066,,16.670684814453125,19.336997985839844,,,,17.028507232666016,105.0,27.73881721496582,,0.20000000298023224,,,,,
2009-01-01,,,16.39417266845703,9.381446838378906,,,39.20000076293945,0.03999999910593033,,,,,,16.246435165405273,,,,,,7.579672336578369,,,0.15000000596046448,,15.882399559020996,17.876079559326172,,,,16.630918502807617,91.5,27.095510482788086,,0.20000000298023224,,,,,
2009-02-01,,,11.947683334350586,7.590861797332764,,,34.0,0.054999999701976776,,,,,,12.606289863586426,,,,,,4.681787967681885,,,0.1599999964237213,16.170894622802734,13.46249008178711,14.14578914642334,,,,15.535120964050293,72.9000015258789,24.614177703857422,,0.4000000059604645,,,,,
2009-03-01,,,11.333124160766602,9.578917503356934,,,33.93000030517578,0.03999999910593033,,,,,,13.044240951538086,,,,,,4.666424751281738,,,0.18000000715255737,16.393930435180664,14.881061553955078,15.176640510559082,,,,15.476937294006348,84.05000305175781,27.026578903198242,,0.25,,,,,
2009-04-01,,,13.619632720947266,12.725470542907715,,,31.0,0.019999999552965164,,,,,,14.22195053100586,,,,,,5.513295650482178,,,0.15000000596046448,16.401565551757812,13.710771560668945,17.610584259033203,,,,15.98119831085205,82.25,29.17093849182129,,0.4000000059604645,,,,,
2009-05-01,,,13.28524112701416,14.329690933227539,,,33.59000015258789,0.029999999329447746,,,,,,14.548999786376953,,,,,,6.698144435882568,,,0.20000000298023224,16.389122009277344,15.599963188171387,18.524492263793945,,,,17.067296981811523,89.55000305175781,33.19926071166992,,0.4000000059604645,,,,,
2009-06-01,,,14.505313873291016,14.840365409851074,,,33.83000183105469,0.029999999329447746,,,,,,15.390677452087402,,,,,,6.963151454925537,,,0.25,16.311222076416016,15.81490421295166,17.078943252563477,,,,18.027332305908203,85.5999984741211,31.300241470336914,,0.3499999940395355,,,,,
2009-07-01,,,17.28888702392578,18.47178840637207,,,35.9900016784668,0.03999999910593033,,,,,,16.859031677246094,,,,,,7.091814041137695,,,0.30000001192092896,16.569881439208984,17.211488723754883,20.61138916015625,,,,18.386137008666992,91.1500015258789,36.79861068725586,,0.699999988079071,,,,,
2009-08-01,,,15.372922897338867,16.542591094970703,,,36.279998779296875,0.05000000074505806,,,,,,17.01559066772461,,,,,,7.128676891326904,,,0.23000000417232513,16.584911346435547,18.599424362182617,21.26097869873047,,,,19.928010940551758,97.94999694824219,37.974605560302734,,0.8999999761581421,,,,,
2009-09-01,,,19.82845115661621,17.33181381225586,,,38.900001525878906,0.029999999329447746,,,,,,17.19171905517578,,,,,,8.340513229370117,,,0.4099999964237213,16.73905372619629,18.140596389770508,22.575368881225586,,,,20.635915756225586,96.5,38.060279846191406,,1.350000023841858,,,,,
2009-10-01,,,17.722694396972656,17.321495056152344,,,41.7400016784668,0.02500000037252903,,,,,,18.359230041503906,,,,,,7.31525993347168,,,0.23999999463558197,16.801471710205078,17.9537353515625,23.382295608520508,,,,20.19953727722168,90.9000015258789,35.25657272338867,,1.0,,,,,
2009-11-01,,,16.86412239074707,20.9477596282959,,,45.36000061035156,0.019999999552965164,,,,,,19.91315460205078,,,,,,7.2036967277526855,,,0.2800000011920929,17.137107849121094,21.01858901977539,25.08163070678711,,,,21.43109703063965,92.5,37.28147506713867,,14000.0,,,,,
2009-12-01,,,20.768356323242188,22.36627960205078,,,45.97999954223633,0.019999999552965164,,,,,,21.640853881835938,,,,,,8.527098655700684,,,0.29499998688697815,16.589963912963867,21.210142135620117,25.8792667388916,,,,21.654132843017578,100.5,36.455936431884766,,14000.0,,,,,
2010-01-01,,,20.940074920654297,22.08258628845215,,,42.0,0.03500000014901161,,,,,,21.12691879272461,,,,,,8.180858612060547,,,0.23999999463558197,17.13009262084961,22.388736724853516,22.71027946472168,,,,21.10138702392578,94.5999984741211,35.29551696777344,,14520.0,,,,,
2010-02-01,,,20.497234344482422,23.011072158813477,,,44.33000183105469,43.349998474121094,,,,,,21.820436477661133,,,,,,9.17813777923584,,,0.20999999344348907,17.098012924194336,21.62642478942871,23.19964599609375,,,,21.149873733520508,90.19999694824219,34.71920394897461,,15500.0,,,15900.0,,
2010-03-01,,,22.431270599365234,26.58060073852539,,,44.52000045776367,0.02500000037252903,,,,,,22.41343116760254,,,,,,9.931266784667969,,,0.2800000011920929,17.187923431396484,21.902034759521484,24.655271530151367,,,,22.294157028198242,93.94999694824219,37.515113830566406,,13000.0,,,16300.0,,
2010-04-01,,,22.03361701965332,28.24156951904297,,,42.20000076293945,0.029999999329447746,,,,,,24.49080467224121,,,,,,10.36994743347168,,,0.2800000011920929,17.27692413330078,20.762590408325195,27.44230842590332,,,,22.158395767211914,89.3499984741211,36.95438003540039,7.869999885559082,18160.0,,,26300.0,,
2010-05-01,,,17.804033279418945,24.501815795898438,,,44.5,0.029999999329447746,,,,,,23.138385772705078,,,,,,9.604300498962402,,,0.2800000011920929,17.464290618896484,19.962661743164062,25.420997619628906,,,,20.44196891784668,83.44999694824219,33.04476547241211,5.829999923706055,12940.0,,,26900.0,,
2010-06-01,,,15.128907203674316,24.682355880737305,,,44.98500061035156,0.02500000037252903,,,,,,23.189231872558594,,,,,,8.648446083068848,,,0.1850000023841858,17.727407455444336,20.721126556396484,22.63216781616211,,,,18.63826560974121,71.0,34.50113296508789,209.56500244140625,14340.0,,,23400.0,,
2010-07-01,,,15.183131217956543,29.62914276123047,,,45.494998931884766,0.02500000037252903,,,,,,23.729576110839844,,,,,,9.517621994018555,,,0.28999999165534973,17.887426376342773,20.64533805847168,24.83634376525879,,,,18.153398513793945,73.5999984741211,36.27609634399414,9.510000228881836,14040.0,,,20800.0,,
2010-08-01,,,13.881722450256348,27.92691421508789,,,41.79999923706055,0.02500000037252903,,,,,,24.08428192138672,,,,,,10.006109237670898,,,0.18000000715255737,17.92597007751465,21.064706802368164,25.517122268676758,,,,17.2806396484375,66.44999694824219,34.43342971801758,198.26100158691406,1.0499999523162842,,,16900.0,,
2010-09-01,,,16.86412239074707,33.869815826416016,,,43.80500030517578,0.019999999552965164,,,,,,23.611339569091797,,,,,,11.006959915161133,,,0.2800000011920929,17.861528396606445,22.053251266479492,28.076366424560547,,,,17.203060150146484,66.8499984741211,38.99660873413086,0.15261000394821167,14440.0,,,17300.0,,
2010-10-01,,,19.9188232421875,36.964935302734375,,,47.10499954223633,0.029999999329447746,,,,,,24.32063865661621,,,,,,12.005399703979492,,,0.1850000023841858,18.03615379333496,21.981603622436523,27.957239151000977,,,,18.25037384033203,70.5999984741211,40.910465240478516,232.0,14600.0,,,14900.0,,
2010-11-01,,,22.1962947845459,38.06402587890625,,,44.584999084472656,0.03500000014901161,,,,,,23.171184539794922,,,,,,12.685498237609863,,,0.22499999403953552,18.068302154541016,20.867685317993164,28.991275787353516,,,,17.736413955688477,62.400001525878906,37.114402770996094,0.18086999654769897,13260.0,,,14100.0,,
2010-12-01,,,24.826231002807617,41.1286735534668,,,41.935001373291016,0.03999999910593033,,,,,,23.571680068969727,,,,,,12.306861877441406,,,0.20000000298023224,17.280122756958008,21.818147659301758,31.194271087646484,,,,18.958276748657227,62.650001525878906,40.02471160888672,199.1300048828125,0.8500000238418579,,,15100.0,,
2011-01-01,,,24.211681365966797,40.01370620727539,,,39.900001525878906,0.054999999701976776,,,,,,24.360210418701172,,,,,,12.610735893249512,,,0.13500000536441803,17.927486419677734,20.29497528076172,30.0544490814209,,,,17.891571044921875,,45.78998565673828,204.34800720214844,14200.0,,,13700.0,,
2011-02-01,,,24.66355323791504,39.01858139038086,,,43.53499984741211,0.03999999910593033,,,,,,24.79201316833496,,,,,,13.356846809387207,,,0.14000000059604645,17.86064338684082,19.927860260009766,30.941490173339844,,,,20.00558853149414,,47.767086029052734,0.16391000151634216,14360.0,,,11800.0,,
2011-03-01,,,25.052169799804688,38.877201080322266,,,42.974998474121094,0.04500000178813934,,,,,,25.78202247619629,,,,,,15.095259666442871,,,0.10000000149011612,18.041297912597656,20.197072982788086,32.70304870605469,,,,19.443143844604492,,48.526302337646484,189.56500244140625,14100.0,,,10900.0,,
2011-04-01,,,23.533863067626953,41.967254638671875,,,43.970001220703125,0.05000000074505806,,,,,,26.925060272216797,,,,,,14.535104751586914,,,0.0949999988079071,18.254146575927734,22.2529354095459,32.4548454284668,,,,20.723188400268555,,51.033287048339844,6.894000053405762,13960.0,,,8900.0,,
2011-05-01,,,23.9218807220459,40.317481994628906,,,46.16999816894531,0.03500000014901161,,,,,,27.505855560302734,,,,,,16.59343910217285,,,0.17000000178813934,18.35194969177246,22.748132705688477,32.4548454284668,,,,19.132829666137695,,49.16688919067383,8.102999687194824,13380.0,,,7800.0,,
2011-06-01,,,24.556411743164062,41.30984115600586,,,44.470001220703125,0.03999999910593033,,,,,,26.653310775756836,,,,,,16.52100372314453,,,0.18000000715255737,18.37700843811035,21.844390869140625,31.66310691833496,,,,18.444320678710938,,48.614627838134766,6.798999786376953,12960.0,,,7700.0,,
2011-07-01,,,26.595983505249023,34.83823013305664,,,44.959999084472656,0.029999999329447746,,,,,,26.87717056274414,,,,,,15.772523880004883,,,0.25999999046325684,18.51933479309082,21.355270385742188,30.941864013671875,,,,16.427274703979492,,50.02537155151367,6.156000137329102,11360.0,,,7400.0,,
2011-08-01,,,21.43601417541504,29.393428802490234,,,41.064998626708984,0.03500000014901161,,,,,,27.26545524597168,,,,,,16.47266960144043,,,0.2199999988079071,18.799945831298828,20.710792541503906,27.70819854736328,,,,14.972675323486328,,43.69304656982422,4.973999977111816,11300.0,,,8300.0,,
2011-09-01,,,15.147876739501953,25.745155334472656,,,40.1150016784668,0.029999999329447746,,,,,,26.434978485107422,,,,,,14.877364158630371,,,0.20999999344348907,18.879018783569336,20.46051788330078,23.554248809814453,,,,13.411404609680176,,40.574981689453125,5.361000061035156,0.75,,,6800.0,,
2011-10-01,,,18.11020851135254,30.66592788696289,,,42.28499984741211,0.02500000037252903,,,,,,28.438312530517578,,,,,,17.228015899658203,,,0.25,18.839750289916992,21.84619903564453,26.21706771850586,,,,13.36291790008545,,48.38217544555664,8.369999885559082,11520.0,,,6000.0,,
2011-11-01,,,16.664196014404297,28.282516479492188,,,40.875,0.029999999329447746,,,,,,28.733013153076172,,,,,,17.928979873657227,,,0.1899999976158142,18.880399703979492,22.637733459472656,27.727750778198242,,,,14.45871639251709,,48.061546325683594,166.95700073242188,10700.0,,,4900.0,,
2011-12-01,,,17.494665145874023,28.62457275390625,,,43.7400016784668,0.02500000037252903,,,,,,29.71534538269043,,,,,,17.669139862060547,,,0.20999999344348907,18.62599754333496,23.872528076171875,27.051225662231445,,,,13.392009735107422,,42.44260787963867,5.355999946594238,10680.0,,,3700.0,,
2012-01-01,,,19.338132858276367,33.76192855834961,,,45.935001373291016,0.02500000037252903,,,,,,29.37255859375,,,,,,16.798980712890625,,,0.23999999463558197,19.087432861328125,24.524351119995117,30.362638473510742,,,,15.690276145935059,,48.47836685180664,148.6959991455078,10800.0,,,4400.0,,
2012-02-01,,,20.195058822631836,35.6402587890625,,,47.53499984741211,0.04500000178813934,,,,,,29.803117752075195,,,,,,16.53797149658203,,,0.20999999344348907,19.11522674560547,24.460264205932617,30.898595809936523,,,,14.81751823425293,,54.1934814453125,163.47799682617188,0.699999988079071,,,4900.0,,
2012-03-01,,,16.71473503112793,36.12963104248047,,,47.86000061035156,0.04500000178813934,,,,,,30.377220153808594,,,,,,15.603404998779297,,,0.16500000655651093,19.142385482788086,24.60764503479004,31.32413673400879,,,,15.098740577697754,,55.96493148803711,0.1889999955892563,10600.0,,,5200.0,,
2012-04-01,,,14.15028190612793,33.80720138549805,,,52.310001373291016,0.03999999910593033,,,,,,31.457157135009766,,,,,,15.243492126464844,,,0.3199999928474426,19.229455947875977,25.42622947692871,32.13347625732422,,,,16.223630905151367,,53.13542938232422,171.3040008544922,10060.0,,,6100.0,,
2012-05-01,,,11.089653968811035,31.150691986083984,,,50.439998626708984,0.04500000178813934,,,,,,31.70823860168457,,,,,,15.750097274780273,,,0.25,19.31247901916504,24.350608825683594,30.299318313598633,,,,15.515727043151855,,45.945430755615234,205.2169952392578,10000.0,,,4400.0,,
2012-06-01,,,12.405686378479004,29.706226348876953,,,51.150001525878906,0.03500000014901161,,,,,,33.103111267089844,,,,,,14.941038131713867,,,0.30000001192092896,19.342544555664062,27.05262565612793,30.56725311279297,,,,16.194538116455078,,48.81324768066406,0.05999999865889549,9500.0,,,4200.0,,
2012-07-01,,,13.077509880065918,30.744266510009766,,,54.720001220703125,0.029999999329447746,,,,,,34.57969284057617,,,,,,13.493057250976562,,,0.20499999821186066,19.49897003173828,28.933500289916992,30.64393424987793,,,,17.076993942260742,,52.10254669189453,179.96200561523438,0.30000001192092896,,,3800.0,,
2012-08-01,,,13.770614624023438,32.22249984741211,,,57.130001068115234,0.019999999552965164,,,,,,32.906227111816406,,,,,,13.191231727600098,,,0.20499999821186066,19.41382598876953,28.1998348236084,32.49867630004883,,,,17.203060150146484,,53.993900299072266,0.13500000536441803,9090.0,,,3200.0,,
2012-09-01,,,15.195799827575684,33.934146881103516,,,57.599998474121094,0.029999999329447746,,,,,,33.77395248413086,,,,,,14.648931503295898,,,0.20999999344348907,19.529842376708984,29.542695999145508,34.01972961425781,,,,17.949752807617188,,58.65648651123047,219.28199768066406,9100.0,,,2900.0,,
2012-10-01,,,13.964961051940918,31.54118537902832,,,56.470001220703125,17681.0,,,,,,35.36111831665039,,,,,,14.626216888427734,,,0.20000000298023224,19.432647705078125,30.17447853088379,34.36985397338867,,,,16.921838760375977,,59.94752502441406,210.96400451660156,9320.0,,,2900.0,,
2012-11-01,,,14.279736518859863,33.05251693725586,,,60.060001373291016,19200.0,,,,,,34.49558639526367,,,,,,15.591704368591309,,,0.25,19.35355567932129,29.294967651367188,35.492183685302734,,,,17.9400577545166,,64.13317108154297,0.06700000166893005,0.30000001192092896,,,2400.0,,
2012-12-01,,,17.36624526977539,37.23853302001953,,,61.220001220703125,0.03500000014901161,,,,,,34.193782806396484,,,,,,16.947175979614258,,,0.3199999928474426,19.108665466308594,27.07305335998535,38.293182373046875,,,,17.600650787353516,,66.09852600097656,186.76699829101562,0.25,,,2800.0,,
2013-01-01,,,17.524290084838867,36.35993576049805,,,65.08000183105469,22300.0,,,,,,36.42306900024414,,,,,,18.097702026367188,,,0.33000001311302185,19.28417205810547,28.87494468688965,39.73530960083008,,,,20.344993591308594,,67.4471435546875,219.28199768066406,0.25,,,2700.0,,
2013-02-01,,,16.39573097229004,36.01732635498047,,,67.0,20827.0,,,,,,38.430908203125,,,,,,17.31969451904297,,,0.33000001311302185,19.348201751708984,28.52777671813965,38.649967193603516,,,,20.79107093811035,,64.30584716796875,208.6959991455078,9000.0,,,2900.0,,
2013-03-01,,,17.160926818847656,38.49102020263672,,,71.91999816894531,20891.0,,,,,,39.316890716552734,,,,,,17.31969451904297,,,0.3499999940395355,19.352474212646484,29.509199142456055,39.91685485839844,,,,20.44196891784668,,66.2301025390625,210.20799255371094,0.15000000596046448,,,2900.0,,
2013-04-01,,,16.66634750366211,42.54387283325195,,,68.87000274658203,19487.0,,,,,,42.32107925415039,,,,,,17.559083938598633,,,0.27000001072883606,19.413681030273438,31.681011199951172,39.07063674926758,,,,19.278289794921875,,65.6626968383789,200.3780059814453,0.15000000596046448,,,2600.0,,
2013-05-01,,,18.79901885986328,43.6795654296875,,,70.30000305175781,21890.0,,,,,,38.68012619018555,,,,,,20.180374145507812,,,0.3499999940395355,19.126827239990234,31.478805541992188,40.96501159667969,,,,18.11461067199707,,60.3915901184082,0.06400000303983688,8980.0,,,2700.0,,
2013-06-01,,,20.598329544067383,43.35472106933594,,,67.30000305175781,20066.0,,,,,,38.91239929199219,,,,,,20.096586227416992,,,0.4399999976158142,18.90509605407715,31.31028175354004,39.800148010253906,,,,19.307382583618164,,60.7775764465332,201.13400268554688,8450.0,,,2600.0,,
2013-07-01,,,22.716262817382812,45.808433532714844,,,69.69999694824219,19670.0,,,,,,41.464508056640625,,,,,,22.662025451660156,,,0.36000001430511475,18.94126319885254,32.767879486083984,44.286563873291016,,,,20.267417907714844,,60.82764434814453,206.427001953125,9000.0,,,2500.0,,
2013-08-01,,,23.581789016723633,45.36587905883789,,,65.7300033569336,21472.0,,,,,,39.218257904052734,,,,,,24.970481872558594,,,0.44999998807907104,18.87994384765625,32.169254302978516,42.746177673339844,,,,19.43344497680664,,61.603736877441406,0.054999999701976776,9010.0,,,2500.0,,
2013-09-01,,,25.687135696411133,49.25425338745117,,,65.52999877929688,19670.0,,,,,,38.696292877197266,,,,,,27.064010620117188,,,0.4699999988079071,19.164674758911133,32.38692855834961,47.58205032348633,,,,20.752283096313477,,61.687191009521484,245.7469940185547,9310.0,,,2600.0,,
2013-10-01,,,27.519914627075195,50.29130554199219,,,70.1500015258789,0.02500000037252903,,,,,,40.950748443603516,,,,,,26.75836944580078,,,0.4000000059604645,19.26329231262207,30.949132919311523,54.57912063598633,,,,22.459012985229492,,65.38408660888672,295.6520080566406,9500.0,,,3000.0,,
2013-11-01,,,29.422443389892578,52.33721160888672,,,74.44999694824219,19670.0,,,,,,39.52927017211914,,,,,,28.506301879882812,,,0.4000000059604645,19.135467529296875,34.20259475708008,57.248809814453125,,,,22.5850772857666,,69.03089904785156,0.05999999865889549,0.05000000074505806,,,4100.0,,
2013-12-01,,,26.39726448059082,52.02532958984375,,,73.51000213623047,25380.0,,,,,,39.32197189331055,,,,,,28.94078826904297,,,0.33000001311302185,18.992998123168945,34.353607177734375,57.9437370300293,,,226.4499969482422,23.089340209960938,,72.71946716308594,266.91900634765625,9730.0,,,3200.0,,
2014-01-01,,,25.115575790405273,51.384918212890625,,,73.0199966430664,24900.0,,,,,,40.81087112426758,,,,,,26.765108108520508,,,0.3499999940395355,19.40706443786621,36.6876335144043,49.8507080078125,,,,21.450490951538086,,63.773468017578125,0.05299999937415123,9600.0,,,3300.0,,
2014-02-01,,,27.30818748474121,54.59827423095703,,,74.05000305175781,26041.0,,,,,,42.92858123779297,,,,,,31.276254653930664,,,0.38499999046325684,19.500436782836914,39.4719352722168,51.60627746582031,,,,21.576555252075195,,67.00303649902344,0.05400000140070915,9580.0,,,2900.0,,
2014-03-01,,,24.520673751831055,57.18100357055664,,,71.4000015258789,28389.0,,,,,,44.44208908081055,,,,,,30.255338668823242,,,0.3499999940395355,19.347373962402344,39.319557189941406,62.33304977416992,,,,20.451663970947266,,67.85424041748047,359.1679992675781,9580.0,,,3700.0,,
2014-04-01,,,24.47342300415039,58.10980224609375,,,71.22000122070312,27900.0,,,,,,47.17947769165039,,,,,,27.821229934692383,,,0.3400000035762787,19.513446807861328,40.875919342041016,57.437950134277344,,,,21.237150192260742,,67.58720397949219,364.46099853515625,9720.0,,,3300.0,,
2014-05-01,,,23.026653289794922,60.40046310424805,,,74.1500015258789,27660.0,,,,,,45.9598388671875,,,,,,26.196815490722656,,,0.23999999463558197,19.775693893432617,40.387306213378906,59.86136245727539,,,,22.265064239501953,,63.84024429321289,0.04699999839067459,9710.0,,,2900.0,,
2014-06-01,,,26.11582374572754,61.041542053222656,,,70.33000183105469,28800.0,,,,,,47.016448974609375,,,,,,26.121379852294922,,,0.2750000059604645,19.815288543701172,40.38032531738281,63.36919021606445,,,,23.70996856689453,,65.44103240966797,454.4419860839844,0.05999999865889549,,,3000.0,,
2014-07-01,,,25.49041175842285,56.99235916137695,,,68.31999969482422,28655.0,,,,,0.009999999776482582,44.96803283691406,,,,51.040000915527344,,24.723281860351562,73.51000213623047,,0.30000001192092896,19.70652198791504,39.90407180786133,56.11237716674805,,,190.60000610351562,23.690574645996094,30.104999542236328,66.70735931396484,488.468994140625,0.054999999701976776,,,3000.0,173.60000610351562,
2014-08-01,,,26.319826126098633,59.38637924194336,,,67.13999938964844,0.02500000037252903,,,,,0.008999999612569809,47.666603088378906,,,,53.619998931884766,,26.085420608520508,72.0,,0.30000001192092896,19.851511001586914,42.274131774902344,60.509002685546875,,,187.3800048828125,23.438444137573242,29.575000762939453,66.2314224243164,457.4670104980469,0.05000000074505806,,,3100.0,171.57000732421875,
2014-09-01,,,22.94671058654785,52.92818832397461,,,66.06999969482422,26186.0,,,,,0.010999999940395355,46.34474563598633,,,,55.04999923706055,,23.51262855529785,73.80000305175781,,8.199999809265137,19.813858032226562,41.690399169921875,59.67741012573242,,,184.4499969482422,22.08081817626953,30.329999923706055,61.327598571777344,455.197998046875,0.019999999552965164,,,3400.0,163.6699981689453,
2014-10-01,,,25.17961883544922,52.82455825805664,,,64.55000305175781,26315.0,,,,,0.003000000026077032,50.49907302856445,,,,58.279998779296875,,27.308887481689453,72.0999984741211,,0.42500001192092896,20.076417922973633,41.04524230957031,74.183349609375,,,167.3090057373047,22.74993133544922,28.06999969482422,57.90255355834961,0.014999999664723873,0.02500000037252903,,,3300.0,167.5,18.399999618530273
2014-11-01,,,24.428707122802734,56.98188400268555,,,70.86000061035156,28098.0,,,,29.729999542236328,0.010999999940395355,50.06882095336914,,,,35.060001373291016,,26.689603805541992,79.19599914550781,,0.4000000059604645,20.25541114807129,42.78792190551758,71.78502655029297,,,183.8509979248047,23.205707550048828,32.349998474121094,59.76381301879883,452.17401123046875,0.019999999552965164,,,3600.0,180.60000610351562,24.19499969482422
2014-12-01,,,26.47793960571289,61.44399642944336,,,68.18000030517578,28540.0,,,,30.6299991607666,0.00800000037997961,53.08670425415039,,,,61.08000183105469,,30.410337448120117,80.26000213623047,,0.4699999988079071,19.922826766967773,40.23057174682617,67.20585632324219,,,207.5,22.74993133544922,32.81999969482422,59.19437789916992,356.1440124511719,94.05000305175781,,,29.2007999420166,181.0,31.09000015258789
2015-01-01,,,27.316686630249023,61.40925216674805,,,81.0999984741211,0.014999999664723873,,,,26.700000762939453,0.004000000189989805,55.576656341552734,,,,65.55000305175781,,30.58580780029297,90.49500274658203,,0.4650000035762787,20.42477798461914,43.02572250366211,63.219017028808594,,,196.10000610351562,22.235973358154297,22.93000030517578,55.54838562011719,0.028999999165534973,0.019999999552965164,,,30.135799407958984,202.5,23.989999771118164
2015-02-01,,,28.09636116027832,65.1380386352539,,,80.1500015258789,0.014999999664723873,,,,30.90999984741211,0.004000000189989805,50.84712219238281,,,,71.11000061035156,,29.870058059692383,93.71800231933594,,0.46000000834465027,20.357810974121094,41.783782958984375,70.86376190185547,,,183.8000030517578,24.495450973510742,23.65999984741211,59.6533203125,0.03500000014901161,0.014999999664723873,,,33.89459991455078,214.3000030517578,22.985000610351562
2015-03-01,,,29.33871841430664,68.51575469970703,,,86.0999984741211,0.014999999664723873,,,,33.66999816894531,0.00800000037997961,50.016517639160156,,,,81.5999984741211,,30.78238868713379,96.0510025024414,,0.5199999809265137,20.488195419311523,41.02717590332031,70.7879409790039,,,172.97500610351562,24.43726921081543,25.639999389648438,61.33607864379883,350.0950012207031,0.02500000037252903,,,33.89459991455078,236.82000732421875,22.014999389648438
2015-04-01,,,28.89911460876465,69.0684585571289,,,86.0999984741211,32401.0,,,,,0.012000000104308128,49.79914093017578,,,,81.5999984741211,,28.14620590209961,95.52999877929688,,0.4000000059604645,20.496591567993164,42.85581588745117,65.58778381347656,,,183.8000030517578,23.089340209960938,25.940000534057617,64.32768249511719,330.43499755859375,0.02500000037252903,,,30.50979995727539,,27.31999969482422
2015-05-01,,,28.300579071044922,73.39104461669922,,,83.29000091552734,0.009999999776482582,,,,,0.00800000037997961,49.54899978637695,,,,78.25,,28.88212013244629,91.70999908447266,,0.38999998569488525,20.397598266601562,43.812808990478516,65.18106842041016,,,153.0,23.826335906982422,22.200000762939453,62.8063850402832,330.43499755859375,0.02500000037252903,,,28.35919952392578,,29.719999313354492
2015-06-01,,,30.532817840576172,68.22854614257812,,,80.75,31054.0,,,,,0.007000000216066837,46.678489685058594,,,,79.80000305175781,,29.386165618896484,95.8499984741211,,0.49000000953674316,20.168899536132812,40.96343231201172,66.02326965332031,,,153.0,24.039676666259766,21.65999984741211,60.6247444152832,322.11700439453125,0.02500000037252903,,,26.84000015258789,,30.21500015258789
2015-07-01,,,25.819250106811523,61.47873306274414,,,80.75,0.009999999776482582,,,,,0.003000000026077032,50.78524398803711,,29.99840545654297,,73.29000091552734,,27.637115478515625,90.20999908447266,,0.44999998807907104,20.39185333251953,42.746788024902344,62.7477912902832,,,159.94000244140625,27.13312530517578,20.59000015258789,61.8677864074707,425.0,0.019999999552965164,,,29.770000457763672,,
2015-08-01,,,23.370506286621094,59.69632339477539,,,77.1500015258789,0.009999999776482582,,,,,,49.2703971862793,,32.53008270263672,,,,25.687036514282227,,,0.44999998807907104,20.398345947265625,39.041969299316406,52.126708984375,,,171.0,25.426395416259766,14.5,58.060943603515625,362.1929931640625,0.019999999552965164,,,29.09000015258789,,
2015-09-01,,,18.221885681152344,64.04658508300781,,,73.22000122070312,24784.0,,,,,0.006000000052154064,50.72844696044922,,30.154199600219727,,75.55000305175781,,24.667625427246094,76.58999633789062,,0.44999998807907104,20.510997772216797,35.80840301513672,46.71965026855469,,,177.27999877929688,25.019107818603516,10.074999809265137,55.92875289916992,340.2650146484375,0.02500000037252903,,,29.09000015258789,,31.399999618530273
2015-10-01,,,21.79517936706543,71.23207092285156,,,93.0999984741211,28850.0,,,,,0.003000000026077032,51.98735809326172,,33.36357879638672,,76.19999694824219,,25.45489501953125,85.94999694824219,,0.41999998688697815,20.543800354003906,39.97040939331055,57.17725372314453,,,191.5,23.438444137573242,13.680000305175781,67.94493865966797,0.014999999664723873,0.014999999664723873,,,29.09000015258789,,
2015-11-01,,,23.668380737304688,73.92882537841797,,,88.91000366210938,0.004999999888241291,,,,,0.004999999888241291,51.28646469116211,,26.34499740600586,,1491.219970703125,,25.979732513427734,89.48999786376953,,0.38999998569488525,20.46840476989746,38.76384353637695,59.699493408203125,,,205.74000549316406,25.63973617553711,11.229999542236328,68.19528198242188,313.79998779296875,0.014999999664723873,,,29.09000015258789,,31.44499969482422
2015-12-01,,,25.335573196411133,73.6444320678711,,,91.94999694824219,30965.0,,,,,0.0010000000474974513,51.095314025878906,,26.724836349487305,,77.13999938964844,,27.433147430419922,88.18000030517578,,0.3799999952316284,20.460437774658203,38.62489700317383,44.52559280395508,,,223.60000610351562,26.813114166259766,12.6899995803833,68.2815933227539,234.40499877929688,0.009999999776482582,,,29.09000015258789,,35.7400016784668
2016-01-01,,,20.247257232666016,60.66499328613281,,,82.87000274658203,23698.0,,,,77.19999694824219,0.0010000000474974513,54.659786224365234,,25.139860153198242,,79.25,,28.15089225769043,91.5999984741211,5.199999809265137,0.3400000035762787,20.78228759765625,37.37289810180664,39.79729461669922,,,184.0,22.022632598876953,13.085000038146973,68.88587188720703,244.99099731445312,0.029999999329447746,,,29.09000015258789,175.35000610351562,35.900001525878906
2016-02-01,,,20.590524673461914,62.70134353637695,,,79.5999984741211,0.004999999888241291,,,,,,54.087562561035156,,30.553865432739258,,77.66999816894531,,29.0656681060791,80.20999908447266,,0.32499998807907104,20.858972549438477,37.03362274169922,49.34127426147461,,,217.0,20.471059799194336,11.529999732971191,65.03583526611328,241.96600341796875,0.05000000074505806,,,29.09000015258789,,31.760000228881836
2016-03-01,,,22.505470275878906,70.30773162841797,,,88.30000305175781,25490.0,,,,,0.00800000037997961,58.29263687133789,,32.0003547668457,,76.30000305175781,,30.38982391357422,84.62000274658203,,0.3199999928474426,20.90066146850586,39.02507019042969,55.25532913208008,,,207.5,21.66383171081543,11.819999694824219,69.42106628417969,250.28399658203125,0.05999999865889549,,,29.09000015258789,,29.649999618530273
2016-04-01,,,23.250173568725586,72.67546844482422,,,82.19999694824219,0.004999999888241291,,,,,0.004999999888241291,57.799713134765625,,34.354366302490234,,76.01000213623047,,30.986196517944336,96.0,,0.32499998807907104,20.92145347595215,40.802459716796875,58.21978759765625,,,223.8000030517578,21.780200958251953,14.460000038146973,67.86724853515625,0.04500000178813934,0.1599999964237213,,,2100.0,,31.170000076293945
2016-05-01,,,23.68071937561035,72.75855255126953,,,88.55000305175781,0.004999999888241291,,,,,0.004999999888241291,58.785091400146484,,37.38772201538086,,78.66000366210938,,33.63450622558594,92.37999725341797,,0.41999998688697815,20.936050415039062,41.85897445678711,55.98429489135742,,,208.8000030517578,20.926834106445312,12.609999656677246,69.98216247558594,263.13800048828125,0.15000000596046448,,,29.09000015258789,,26.975000381469727
2016-06-01,,,22.64268684387207,64.06497955322266,,,87.5,20567.0,,,,,0.004999999888241291,64.25646209716797,,40.89286804199219,,76.88999938964844,,33.76590347290039,99.25,,0.4000000059604645,21.151878356933594,42.86341094970703,55.25578689575195,,,232.0,21.149873733520508,13.90999984741211,65.86137390136719,288.09100341796875,0.20000000298023224,,,29.09000015258789,,24.885000228881836
2016-07-01,,,23.438186645507812,63.081207275390625,,,83.0999984741211,0.004999999888241291,,,,57.0,,63.71403503417969,,40.924625396728516,,81.63999938964844,,35.17365264892578,96.94999694824219,,0.3499999940395355,21.1965274810791,44.000919342041016,63.48578643798828,,,217.60000610351562,25.988840103149414,15.970000267028809,76.7212142944336,313.79998779296875,0.20499999821186066,,,29.09000015258789,175.35000610351562,32.07500076293945
2016-08-01,,,23.948936462402344,63.307769775390625,,,90.5999984741211,24522.0,,,,13.15999984741211,,60.6955680847168,,39.24888610839844,,80.05000305175781,,34.38931655883789,101.11000061035156,,0.3799999952316284,21.201187133789062,47.098838806152344,68.65142822265625,,,217.60000610351562,25.707618713378906,14.699999809265137,77.23040008544922,302.4570007324219,0.2150000035762787,,,2100.0,130.75999450683594,35.084999084472656
2016-09-01,,,30.47869300842285,64.02478790283203,,,83.8499984741211,22910.0,,,,11.699999809265137,,61.198673248291016,,39.87883758544922,,77.5999984741211,,35.01679611206055,102.68000030517578,,0.4399999976158142,21.253475189208984,46.81380081176758,68.8167724609375,,,217.60000610351562,26.609468460083008,15.274999618530273,80.25043487548828,1.0099999904632568,0.1850000023841858,,,1750.0,125.02999877929688,36.25
2016-10-01,,,31.305856704711914,58.017967224121094,,,79.80999755859375,24825.0,,,,13.175000190734863,,63.25490951538086,,37.12499237060547,,73.37999725341797,,34.18690490722656,99.69000244140625,,0.4050000011920929,21.135059356689453,44.36891555786133,65.41925048828125,,,253.3000030517578,23.642086029052734,14.125,77.11627197265625,0.925000011920929,0.1599999964237213,,,1750.0,135.3000030517578,37.314998626708984
2016-11-01,,,35.98412322998047,62.02251052856445,,,82.80000305175781,25073.0,,,,14.619999885559082,,61.33108901977539,,35.815921783447266,,74.30999755859375,,39.722808837890625,95.36000061035156,,0.38499999046325684,20.777729034423828,46.23524475097656,78.85358428955078,,,252.3000030517578,26.493101119995117,12.770000457763672,73.060302734375,272.2120056152344,0.13500000536441803,,,31.06999969482422,130.0,34.810001373291016
2016-12-01,,,32.23841857910156,68.24029541015625,,,81.13999938964844,0.004999999888241291,,,,16.915000915527344,,64.90199279785156,,35.84007263183594,,81.18000030517578,,39.039676666259766,98.88999938964844,,0.44999998807907104,20.7012939453125,44.48225402832031,75.24987030029297,,,252.3000030517578,27.17191505432129,11.619999885559082,75.87841033935547,0.8199999928474426,0.11500000208616257,,,1680.0,137.16000366210938,36.01499938964844
2017-01-01,,,31.204452514648438,69.7540512084961,,,82.20999908447266,26226.0,,,,18.575000762939453,,65.54563903808594,,40.548057556152344,,75.33999633789062,,38.98295974731445,98.66999816894531,,0.5400000214576721,20.811893463134766,47.19914245605469,78.07478332519531,,,285.32000732421875,27.034948348999023,13.710000038146973,80.3382339477539,217.01300048828125,0.12999999523162842,,,29.959999084472656,147.89999389648438,35.70000076293945
2017-02-01,,,33.65382385253906,63.14413833618164,,,88.6500015258789,25985.0,,,,17.75,,67.3663558959961,,44.07502365112305,,77.22000122070312,,41.61727523803711,99.8499984741211,,0.6700000166893005,20.922714233398438,50.15339279174805,75.24987030029297,,,331.0,27.60210418701172,14.119999885559082,81.80435943603516,197.35400390625,0.1599999964237213,,,1230.0,143.85000610351562,37.689998626708984
2017-03-01,,,32.88140869140625,62.013118743896484,,,85.80000305175781,0.004999999888241291,,,,17.1299991607666,,67.85143280029297,,45.019657135009766,,79.37000274658203,,44.17561340332031,104.04000091552734,,0.6800000071525574,20.885692596435547,48.37931823730469,74.66402435302734,,,331.0,28.096731185913086,14.59000015258789,86.18515014648438,0.02500000037252903,0.125,,,34.95000076293945,144.1199951171875,37.54499816894531
2017-04-01,,,35.18888473510742,60.757816314697266,,,95.0,0.004999999888241291,,,,,,70.06295776367188,,47.829856872558594,,86.1500015258789,,45.00516891479492,113.9000015258789,,0.6499999761581421,20.955474853515625,47.800498962402344,76.7109375,,,375.5,29.182971954345703,16.610000610351562,87.94977569580078,264.6499938964844,0.10000000149011612,,,33.0,,
2017-05-01,,,34.23363494873047,67.26476287841797,,,91.9000015258789,25712.0,,,,,,73.3654556274414,,43.283470153808594,,82.8499984741211,,46.99359130859375,119.69999694824219,,1.0800000429153442,21.12141990661621,49.93247985839844,70.13153839111328,,,394.20001220703125,32.54837417602539,17.350000381469727,94.42879486083984,275.99200439453125,0.10999999940395355,,,34.529998779296875,,
2017-06-01,,,34.05727005004883,66.97730255126953,,,104.80000305175781,0.004999999888241291,,,,,,70.86681365966797,,38.98415756225586,,96.0,,45.49277877807617,119.69999694824219,,1.1200000047683716,21.02414894104004,49.15023422241211,71.39901733398438,,,364.3999938964844,32.5192756652832,21.799999237060547,93.09001922607422,1.5,0.10000000149011612,,,37.70000076293945,,
2017-07-01,,,36.6439094543457,66.11717987060547,,,101.4000015258789,0.004999999888241291,,,,,,72.25708770751953,,37.40106964111328,,92.19999694824219,,50.95196533203125,116.80000305175781,,1.1200000047683716,21.110342025756836,49.34941101074219,69.05805206298828,,,364.3999938964844,31.85007667541504,19.760000228881836,94.13948059082031,294.1400146484375,0.09000000357627869,,,37.9900016784668,,45.900001525878906
2017-08-01,,,35.40412139892578,66.25749206542969,,,100.69999694824219,0.004999999888241291,,,,,,75.80717468261719,,35.84235382080078,,88.5,,54.375396728515625,116.80000305175781,,1.25,21.255939483642578,49.33395767211914,62.42537307739258,,,390.5,31.20026969909668,24.049999237060547,93.33905029296875,275.99200439453125,0.09000000357627869,,,35.11000061035156,,
2017-09-01,,,37.09283447265625,75.82652282714844,,,100.69999694824219,0.004999999888241291,,,,,,72.45957946777344,,37.627464294433594,,94.9000015258789,,56.93661880493164,116.30000305175781,,1.1399999856948853,21.223928451538086,49.46529006958008,68.96578216552734,,,390.5,30.55046844482422,23.420000076293945,97.51907348632812,0.014999999664723873,0.14000000059604645,,,41.400001525878906,,40.30500030517578
2017-10-01,,,38.18264389038086,76.59950256347656,,,100.69999694824219,0.004999999888241291,,,,,,75.10713195800781,,35.12713623046875,,,,57.48816680908203,,,1.0499999523162842,21.189762115478516,42.86666488647461,70.18599700927734,,,447.6000061035156,32.83932876586914,23.420000076293945,101.56568145751953,365.0,0.1550000011920929,,,38.0,,
2017-11-01,,,40.9034423828125,78.47677612304688,,,113.19999694824219,0.004999999888241291,,,,,,78.58170318603516,,37.5294075012207,,97.0,,57.285301208496094,126.0,10.074999809265137,1.0499999523162842,21.180618286132812,43.00672912597656,70.72286987304688,,,447.6000061035156,30.93840980529785,25.899999618530273,100.80974578857422,244.34800720214844,0.20000000298023224,,,45.560001373291016,,
2017-12-01,,,38.65071105957031,78.34346008300781,,,113.19999694824219,27000.0,,,,,,74.42720031738281,,39.45841979980469,,102.19999694824219,,59.81483459472656,126.0,11.869999885559082,1.0,21.13901710510254,43.784847259521484,67.25548553466797,,,433.0,29.997650146484375,21.299999237060547,99.92926025390625,234.7830047607422,0.23499999940395355,,,47.29999923706055,,
2018-01-01,,,39.81150436401367,93.83583068847656,,,94.8499984741211,28555.0,,,,14.805999755859375,,72.39237976074219,,47.87971878051758,,93.05999755859375,,63.65034484863281,126.0,11.84000015258789,23.459999084472656,21.019184112548828,46.49580764770508,73.4095687866211,,,,32.48048400878906,16.100000381469727,100.72079467773438,239.1300048828125,122.19999694824219,,,39.779998779296875,,
2018-02-01,,,41.96397399902344,88.42919921875,,,91.4000015258789,27500.0,,,,13.246000289916992,,69.06195831298828,,44.80397033691406,,85.5199966430664,,67.89785766601562,,,22.25,20.82320785522461,42.54856872558594,67.10894775390625,,,,32.68415451049805,16.450000762939453,92.9388427734375,219.1300048828125,108.31999969482422,,,37.959999084472656,,
2018-03-01,,,43.471839904785156,90.34484100341797,,,,27615.0,,,,,,71.54267883300781,,49.2626838684082,,,,68.85762023925781,,,,21.002819061279297,42.7447624206543,65.4462661743164,,,,31.3360538482666,,93.52582550048828,1.409999966621399,,,,,,
2018-04-01,,,42.673561096191406,82.9842758178711,,,,28510.0,,,,,,72.86041259765625,,47.427120208740234,,,,69.68254852294922,,,,20.788042068481445,46.60160827636719,67.49909210205078,,,,31.7239933013916,,98.56852722167969,230.43499755859375,,,,,,
2018-05-01,,,44.118682861328125,91.60153198242188,,,,27225.0,,,,,,70.80734252929688,,50.221805572509766,,,,72.86328125,,,,20.965959548950195,47.124053955078125,71.36036682128906,,,,35.215476989746094,,100.31169128417969,225.2169952392578,,,,,,
2018-06-01,,,45.89567947387695,89.02693176269531,,,,27725.0,,,,,,71.63685607910156,,52.32405090332031,,,,72.31001281738281,,13.199999809265137,,20.931621551513672,48.05023193359375,73.7087173461914,,,,35.06999969482422,511.79998779296875,104.4387435913086,1.2799999713897705,,,,,,
2018-07-01,,,46.80390548706055,88.40189361572266,,,,26910.0,,,,,,75.71994018554688,,52.92242431640625,,,,75.72077941894531,,,,20.965299606323242,52.54579162597656,73.9532470703125,,,,35.03120422363281,,104.7818603515625,205.2169952392578,,,,,,
2018-08-01,,,46.147274017333984,76.86631774902344,,,,27750.0,,,,,,77.53376770019531,,52.84762954711914,,,,89.98229217529297,,,,21.067331314086914,54.715579986572266,65.68733978271484,,,,37.79529571533203,,108.12288665771484,1.2999999523162842,,,,,,
2018-09-01,,,47.353614807128906,75.28653717041016,,,,25150.0,,,,,,76.13155364990234,,48.96574020385742,,,,91.89745330810547,,,,20.98752784729004,56.59022903442383,66.17587280273438,,,,36.73815155029297,,111.06660461425781,218.26100158691406,,,,,,
2018-10-01,,,47.047088623046875,72.38555145263672,,,,25030.0,,,,,,79.02619171142578,,49.065914154052734,,,,83.18498992919922,,,,20.87192153930664,59.12079620361328,53.59657669067383,,,,35.20577621459961,,96.85369873046875,212.1739959716797,,,,,,
2018-11-01,,,43.273441314697266,74.61775970458984,,,,23210.0,,,,,,84.18677520751953,,37.42768859863281,,,,83.86967468261719,,,,21.033838272094727,63.72290802001953,55.09434127807617,,,,34.371700286865234,,93.62101745605469,1.25,,,,,,
2018-12-01,,,36.983985900878906,61.446022033691406,,,,22300.0,,,,,,77.54969024658203,,37.93931198120117,,,,76.88385772705078,,,,21.33812713623047,61.3696403503418,50.30370330810547,,,,33.41154479980469,,89.89170837402344,177.39100646972656,,,,,,
2019-01-01,,,37.320743560791016,69.8628158569336,,,,23550.0,,,,,,83.44577026367188,,39.82996368408203,,,,83.8498306274414,,,,21.63863754272461,60.19843292236328,57.387752532958984,,,,35.91377258300781,,93.38624572753906,178.26100158691406,,,,,,
2019-02-01,,,36.25497817993164,71.57765197753906,,,,23330.0,,,,,,87.56314086914062,,38.55272674560547,,,,93.09293365478516,,,,21.57107162475586,65.74674987792969,58.00505065917969,,,,37.27157211303711,,96.7363052368164,173.91299438476562,,,,,,
2019-03-01,,,32.2652473449707,64.81880950927734,,,,,,,,,,88.39937591552734,,38.00162887573242,,,,94.22518157958984,,,,21.87662696838379,67.26728057861328,57.65280532836914,,,,39.4537467956543,,104.25812530517578,178.26100158691406,,,,,,
2019-04-01,,,33.5157585144043,69.1911849975586,,,,,,,,,,89.768798828125,,40.50518798828125,,,,104.8127212524414,,,,21.88922691345215,64.09205627441406,61.555824279785156,,,,37.78559494018555,,116.35807037353516,200.0,,,,,,
2019-05-01,,,29.92985725402832,54.27572250366211,,,,,,,,,,89.5974349975586,,34.6099853515625,,,,120.7635498046875,,,,22.130149841308594,64.49919128417969,50.97453689575195,,,,36.932125091552734,,111.13884735107422,1.5,,,,,,
2019-06-01,,,36.59420394897461,62.735130310058594,,,,,,,,,,91.31839752197266,,32.891693115234375,,,,132.9005126953125,,,,22.330562591552734,68.27745056152344,52.524383544921875,,,,39.327667236328125,,125.21084594726562,203.47799682617188,,,,,,
2019-07-01,,,41.6372184753418,64.1943130493164,,,,,,,,,,91.4390640258789,,35.8199577331543,,,,135.892822265625,,,,22.452587127685547,68.02849578857422,52.2691764831543,,,,36.58297348022461,,112.60737609863281,233.0,,,,,,
2019-08-01,,,42.80824279785156,60.85780715942383,,,,,,,,,,93.27345275878906,,32.772525787353516,,,,143.76319885253906,,,,22.609962463378906,70.88114166259766,47.312198638916016,,,,33.644309997558594,,109.05607604980469,198.26100158691406,,,,,,
2019-09-01,,,41.06442642211914,70.84580993652344,,,,,,,,,,95.64738464355469,,37.40550994873047,,,,124.09722900390625,,,,22.628305435180664,69.00397491455078,52.165924072265625,,,,31.976158142089844,,107.884521484375,209.0,,,,,,
2019-10-01,,,41.60251998901367,69.91172790527344,,,,,,,,,,92.26482391357422,,36.46994400024414,,,,122.56687927246094,,,,22.72406005859375,71.50898742675781,48.58928680419922,,,,28.91141128540039,,121.34835052490234,180.8699951171875,,,,,,
2019-11-01,,,44.61568069458008,73.39656829833984,,,,,,,,,,90.54011535644531,,42.82149887084961,,,,129.07583618164062,,,,22.694711685180664,71.93805694580078,53.06008529663086,,,,41.50984191894531,,124.43285369873047,180.8699951171875,,,,,,
2019-12-01,,,45.02499771118164,76.38859558105469,,,,,,,,,,94.11271667480469,,43.36383819580078,,,,113.43450164794922,,,,22.662382125854492,75.04894256591797,56.68421936035156,,,,32.78113555908203,,122.63890075683594,182.0,,,,,,
2020-01-01,,,42.509193420410156,69.34793090820312,,,,,,,,,,96.88389587402344,,39.944461822509766,,,,121.66259002685547,,,,23.053592681884766,70.98570251464844,53.24165344238281,,,,32.76173782348633,,119.69168090820312,197.0,,,,,,
2020-02-01,,,34.54999923706055,60.38871383666992,,,,,,,,,,81.58528900146484,,37.12089538574219,,,,107.24410247802734,,,,23.14957618713379,63.607975006103516,44.13362503051758,,,,34.81783676147461,,113.10163116455078,198.0,,,,,,
2020-03-01,,,17.760000228881836,41.97406768798828,,,,,,,,,,69.3843994140625,,26.27444076538086,,,,74.19084167480469,,,,23.350177764892578,63.9237060546875,35.69626235961914,,,,40.34601593017578,,101.13887786865234,166.0,,,,,,
2020-04-01,,,19.579999923706055,54.755130767822266,,,,,,,,,,76.6431884765625,,33.83974838256836,,,,87.10785675048828,,,,23.626781463623047,66.46221923828125,43.35530090332031,,,,40.43330001831055,,108.49775695800781,166.0,,,,,,
2020-05-01,,,20.170000076293945,58.002864837646484,,,,,,,,,,79.47281646728516,,38.11314392089844,,,,100.19392395019531,,,,23.63348960876465,67.61824035644531,48.543373107910156,,,,42.470001220703125,,117.24787902832031,166.0,,,,,,
2020-06-01,,,20.670000076293945,58.85129165649414,,,,,,,,,,79.42106628417969,,41.5342903137207,,,,99.09016418457031,,,,23.61395835876465,64.77845764160156,46.246368408203125,,,,41.5195426940918,,129.98963928222656,160.0,,,,,,
2020-07-01,,,17.219999313354492,59.32566833496094,,,,,250.0,,,,,86.25971984863281,,43.84321975708008,,,,95.6559829711914,,,,23.661487579345703,67.75043487548828,46.19710159301758,,,,47.959388732910156,,147.8353729248047,164.0,,,,,,
2020-08-01,,,20.18000030517578,71.46812438964844,,,,,230.60000610351562,,,,,88.52754974365234,,40.48478317260742,,,,109.38936614990234,,,,23.65791893005371,71.99749755859375,50.01072692871094,,,,49.423866271972656,,153.582763671875,158.0,,,,,,
2020-09-01,,,18.799999237060547,66.48706817626953,,,,,250.8000030517578,,,,,85.819580078125,,34.45661926269531,,,,104.15476989746094,,,,23.654212951660156,70.03861999511719,50.40445327758789,,,,50.6846809387207,,144.669189453125,184.0,,,,,,
2020-10-01,,,19.459999084472656,69.15093994140625,,,,,308.70001220703125,,,,,92.87615203857422,,34.64149475097656,,,,104.54288482666016,,,,23.62113380432129,63.96524429321289,53.94558334350586,,,,46.00997543334961,,99.1913833618164,186.0,,,,,,
2020-11-01,,,28.3700008392334,81.23868560791016,,,,,285.29998779296875,,,,,94.67466735839844,,36.87757110595703,,,,122.98342895507812,,,,23.641443252563477,68.37078094482422,59.89861297607422,,,,46.80525588989258,,112.49675750732422,210.0,,,,,,
2020-12-01,,,36.220001220703125,84.0211410522461,,,,,231.0,,,,,91.36358642578125,,37.39994812011719,,,,131.7608184814453,,,,23.626155853271484,69.56997680664062,61.33018112182617,,,,51.25689697265625,,121.06678771972656,191.0,,,,,,
2021-01-01,,,33.54999923706055,80.92850494384766,,,,,301.70001220703125,,,,,90.13081359863281,,38.871829986572266,,,,117.17161560058594,,,,23.774023056030273,66.06477355957031,60.84641647338867,,,,52.5177116394043,,117.17637634277344,202.0,,,,,,
2021-02-01,,,39.779998779296875,82.10535430908203,,,,,359.8999938964844,,,,,89.37162017822266,,37.06300735473633,,,,125.2493667602539,,,,23.504480361938477,62.25020217895508,70.32435607910156,,,,48.49280548095703,,114.53015899658203,206.0,,,,,,
2021-03-01,,,41.650001525878906,84.65973663330078,,,,,269.20001220703125,,,,,101.07831573486328,,42.34882736206055,,,,125.269287109375,,,,23.34900665283203,66.0819320678711,74.41730499267578,,,,47.222293853759766,,114.01020050048828,202.0,,,,,,
2021-04-01,,,40.2400016784668,91.83028411865234,,,,,305.0,,,,,107.22557830810547,,43.99066925048828,,,,140.2060089111328,,,,23.492033004760742,64.42285919189453,77.20350646972656,,,,46.679176330566406,,129.93394470214844,185.0,,,,,,
2021-05-01,,,41.75,96.72923278808594,,,,,270.70001220703125,,,,,105.67103576660156,,41.08175277709961,,,,139.86744689941406,,,,23.427104949951172,65.62483978271484,85.95733642578125,,,,47.872100830078125,,129.9246368408203,191.0,,,,,,
2021-06-01,,,38.75,89.72384643554688,,,,,294.6000061035156,,,,,99.24607849121094,,38.60311508178711,,,,138.83181762695312,,,,23.441360473632812,70.47855377197266,77.7271728515625,,,,46.9216423034668,,132.55824279785156,258.0,,,,,,
2021-07-01,,,35.7599983215332,92.58736419677734,,,,,227.8000030517578,,,,,106.42303466796875,,38.48635482788086,,,,134.76634216308594,,,,23.563915252685547,70.26174926757812,79.3036880493164,,,,51.198707580566406,,135.6348419189453,290.0,,,,,,
2021-08-01,,,33.849998474121094,81.12407684326172,,,,,186.3000030517578,,,,,109.16252899169922,,35.33380126953125,,,,126.36650848388672,,,,23.540403366088867,69.73160552978516,77.74173736572266,,,,54.13737106323242,,141.69366455078125,261.8999938964844,,,,,,
2021-09-01,,,32.43000030517578,78.67357635498047,,,,,178.8000030517578,,,,,101.3341064453125,,35.33843231201172,,,,131.3984375,,,,23.460893630981445,68.6530532836914,69.08686065673828,,,,50.12216567993164,,127.44313049316406,238.10000610351562,,,,,,
2021-10-01,,,35.369998931884766,89.52518463134766,,,,,140.89999389648438,,,,,103.54844665527344,,33.00365447998047,,,,138.89154052734375,,,,23.335411071777344,81.201904296875,70.1750259399414,,,,54.07917785644531,,136.6352081298828,246.0,,,,,,
2021-11-01,,,32.65999984741211,89.0999755859375,,,,,154.60000610351562,,,,,98.97167205810547,,33.65522003173828,,,,138.02467346191406,,,,23.366191864013672,69.08386993408203,64.96184539794922,,,,53.468170166015625,,121.21443176269531,225.0,,,,,,
2021-12-01,,,39.029998779296875,96.20755004882812,,,,,95.30000305175781,,,,,109.20317840576172,,36.57147216796875,,,,143.70428466796875,,,,23.29547119140625,70.67929077148438,72.41094970703125,,,,53.904605865478516,,132.22792053222656,209.0,,,,,,
2022-01-01,,,40.27000045776367,92.14192199707031,,,,,90.0,,,,,110.83137512207031,,34.30058288574219,,,,135.9022979736328,,,,23.03324317932129,75.85576629638672,69.26306915283203,,,,47.9981803894043,,118.1661376953125,225.0,,,,,,
2022-02-01,,,44.939998626708984,81.88016510009766,,,,,84.30000305175781,,,,,111.8989028930664,,30.45191192626953,,,,147.07228088378906,,,,22.756731033325195,71.29399108886719,69.28285217285156,,,,48.1921501159668,,106.24665832519531,205.0,,,,,,
2022-03-01,,,48.43000030517578,71.1159896850586,,,,,92.9000015258789,,,,,121.67247009277344,,28.296497344970703,,,,153.08438110351562,,,,22.129940032958984,76.38642120361328,65.52735900878906,,,,47.52294921875,,104.7177963256836,203.0,,,,,,
2022-04-01,,,46.97999954223633,69.12631225585938,,,,,55.099998474121094,,,,,121.43677520751953,,27.8641414642334,,,,140.8109130859375,,,,21.345369338989258,83.30254364013672,63.01126480102539,,,,44.00237274169922,,95.12936401367188,,,,,,,
2022-05-01,,,48.220001220703125,75.13079071044922,,,,,24.0,,,,,122.98441314697266,,27.58816146850586,,,,142.62551879882812,,,,21.550405502319336,86.43965148925781,65.6363296508789,,,,44.56489181518555,,94.22335815429688,,,,,,,
2022-06-01,,,41.84000015258789,67.71366119384766,,,,,29.100000381469727,,,,,117.46116638183594,,26.332462310791016,,,,130.7309112548828,,,,21.24947738647461,85.63189697265625,60.76262664794922,,,,45.7772102355957,,88.13066101074219,,,,,,,
2022-07-01,,,44.529998779296875,81.36614990234375,,,,,31.899999618530273,,,,,121.65414428710938,,27.428485870361328,,,,157.35072326660156,,,,21.924461364746094,84.59982299804688,66.23114013671875,,,,48.14365768432617,,90.54959106445312,,,,,,,
2022-08-01,,,42.880001068115234,73.59852600097656,,,,,39.20000076293945,,,,,121.69151306152344,,26.100255966186523,,,,151.95301818847656,,,,21.180316925048828,80.83100128173828,57.75520706176758,,,,44.06056594848633,,82.78763580322266,,,,,,,
2022-09-01,,,35.81999969482422,63.03983688354492,,,,,23.899999618530273,,,,,107.41604614257812,,23.574783325195312,,,,143.65199279785156,,,,20.084888458251953,81.55067443847656,49.01945877075195,,,,40.03565979003906,,78.93095397949219,,,,,,,
2022-10-01,,,44.31999969482422,76.66972351074219,,,,,20.600000381469727,,,,,105.38526916503906,,27.091310501098633,,,,162.2694549560547,,,,19.831623077392578,96.60311889648438,54.5751953125,,,,42.2469367980957,,93.31824493408203,,,,,,,
2022-11-01,,,46.560001373291016,84.35100555419922,,,,,25.100000381469727,,,,,109.05132293701172,,31.96755599975586,,,,161.94021606445312,,,,20.652271270751953,105.1179428100586,59.81346893310547,,,,48.04667282104492,,107.7055435180664,,,,,,,
2022-12-01,,,44.900001525878906,73.62565612792969,,,,,22.5,,,,,110.48014068603516,,31.74946403503418,,,,153.28997802734375,,,,20.4693603515625,105.91020965576172,60.294864654541016,,,,48.36672592163086,,100.24474334716797,,,,,,,
2023-01-01,,,51.439998626708984,88.56615447998047,,,,,29.100000381469727,,,,,110.27202606201172,,35.108943939208984,,,,170.56053161621094,,,,21.283493041992188,103.21035766601562,68.96373748779297,,,,47.52294921875,,115.14689636230469,,,,,,,
2023-02-01,,,54.38999938964844,89.00840759277344,,,,,32.599998474121094,,,,,103.96101379394531,,34.2856330871582,,,,165.301513671875,,,,20.64830780029297,102.08609771728516,60.32465744018555,,,,44.56489181518555,,110.57134246826172,,,,,,,
2023-03-01,,,54.54999923706055,89.75830841064453,,,,,28.100000381469727,,,,,103.79991912841797,,33.116111755371094,,,,170.7626495361328,,,,21.079160690307617,102.23023986816406,60.04557418823242,,,,44.545494079589844,,122.93799591064453,,,,,,,
2023-04-01,,,52.779998779296875,83.0698471069336,,,,,31.100000381469727,,,,,107.4571533203125,,31.90407371520996,,,,168.3665313720703,,,,21.1926212310791,111.72660827636719,58.892757415771484,,,,43.265281677246094,,131.4091033935547,,,,,,,
2023-05-01,,,50.11000061035156,78.89749145507812,,,,,26.100000381469727,,,,,102.85908508300781,,31.111963272094727,,,,154.32933044433594,,,,21.037996292114258,106.83065032958984,55.265377044677734,,,,43.798702239990234,,126.71696472167969,,,,,,,
2023-06-01,,,57.7599983215332,82.97228240966797,,,,,21.5,,,,,105.17244720458984,,32.32295227050781,,,,176.653076171875,,,,20.988582611083984,111.64920043945312,57.383155822753906,,,,43.67262268066406,,135.11444091796875,,,,,,,
2023-07-01,,,59.79999923706055,98.47591400146484,,,,,18.0,,,,,110.19361877441406,,34.363590240478516,,,,175.79454040527344,,,,20.92780303955078,103.88200378417969,61.02368927001953,,,,45.40866470336914,,134.66015625,,,,,,,
2023-08-01,,,61.599998474121094,95.22688293457031,,,,,13.550000190734863,,,,,99.66592407226562,,33.064125061035156,,,,168.53219604492188,,,,20.74355125427246,106.15153503417969,60.7750129699707,,,,44.11875915527344,,137.95875549316406,,,,,,,
2023-09-01,,,59.529998779296875,94.13412475585938,,,,,9.699999809265137,,,,,95.7132339477539,,31.110105514526367,,,,161.75933837890625,,,,20.085298538208008,100.27803802490234,54.516822814941406,,,,39.2791748046875,,127.71728515625,,,,,,,
2023-10-01,,,59.36000061035156,90.02568817138672,,,,,9.539999961853027,,,,,93.75447845458984,,30.663455963134766,,,,158.24305725097656,,,,19.64754867553711,100.71648406982422,53.81993103027344,,,,36.30171585083008,,132.3392791748047,,,,,,,
2023-11-01,,,69.30000305175781,101.78355407714844,,,,,8.300000190734863,,,,,101.2739028930664,,29.944931030273438,,,,170.84974670410156,,,,20.675527572631836,100.500732421875,62.477012634277344,,,,39.91927719116211,,157.14794921875,,,,,,,
2023-12-01,,,62.400001525878906,108.9601821899414,,,,,9.300000190734863,,,,,107.2563705444336,,31.058813095092773,,,,178.68148803710938,,,,21.497644424438477,106.91442108154297,71.12445068359375,,,,42.120853424072266,,152.67408752441406,,,,,,,
