Date,AGNC,AXON,BCG,BSBK,CEAD,CMRX,CVCO,FNKO,FNLC,IFRX,KLXE,MSBI,NMRA,NMRK,NVCR,NVCT,NVEC,NVEI,OPTN,OPTX,SCNI,SCOR,SDA,SLAB,STRR,STRS,STRT,TWST,UONEK,ZPTA
2004-01-01,,11.1274995803833,,,,,15.75,,6.497668743133545,,,,,,,,31.131397247314453,,,,,,,51.25,,10.527721405029297,50.64025115966797,,18.43000030517578,
2004-02-01,,13.612500190734863,,,,,18.8799991607666,,6.473581790924072,,,,,,,,23.779232025146484,,,,,,,56.369998931884766,,10.44383430480957,52.51314163208008,,18.219999313354492,
2004-03-01,,19.587499618530273,,,,,18.424999237060547,,6.473581790924072,,,,,,,,26.4966983795166,,,,,,,52.880001068115234,,11.064592361450195,50.89748001098633,,18.5,
2004-04-01,,16.174999237060547,,,,,19.774999618530273,,7.013045787811279,,,,,,,,20.07258415222168,,,,,,,47.150001525878906,,10.603219032287598,51.44407272338867,,18.959999084472656,
2004-05-01,,14.21500015258789,,,,,18.969999313354492,,7.469913482666016,,,,,,,,17.50515365600586,,,,,,,52.189998626708984,,10.435445785522461,46.73373031616211,,17.290000915527344,
2004-06-01,,21.614999771118164,,,,,19.84000015258789,,7.940937519073486,,,,,,,,22.200986862182617,,,,,,,46.349998474121094,,10.863265991210938,55.00497817993164,,16.010000228881836,
2004-07-01,,15.645000457763672,,,,,19.795000076293945,,7.045038223266602,,,,,,,,18.42209815979004,,,,,,,35.290000915527344,337.7574768066406,11.458858489990234,51.44407272338867,,15.210000038146973,
2004-08-01,,13.795000076293945,,,,,19.149999618530273,,7.577012538909912,,,,,,,,18.33873748779297,,,,,,,32.790000915527344,339.6133117675781,10.955540657043457,49.98915481567383,,15.600000381469727,
2004-09-01,,18.774999618530273,,,,,18.8799991607666,,7.884186267852783,,,,,,,,18.366525650024414,,,,,,,33.09000015258789,387.1220397949219,11.114924430847168,50.04542922973633,,14.229999542236328,
2004-10-01,,20.450000762939453,,,,,19.954999923706055,,7.3927001953125,,,,,,,,17.099489212036133,,,,,,,29.969999313354492,373.76019287109375,12.75070571899414,50.567909240722656,,14.6899995803833,
2004-11-01,,27.440000534057617,,,,,20.125,,7.215210437774658,,,,,,,,16.365936279296875,,,,,,,30.139999389648438,347.0364685058594,12.45710563659668,50.64025115966797,,13.949999809265137,
2004-12-01,,31.649999618530273,,,,,22.5,,7.190485954284668,,,,,,,,15.476780891418457,,,,,,,35.310001373291016,328.4783630371094,13.446962356567383,50.33479690551758,,16.1200008392334,
2005-01-01,,17.979999542236328,,,,,23.860000610351562,,7.1080708503723145,,,,,,,,17.143943786621094,,,,,,,34.099998474121094,280.22735595703125,13.438573837280273,46.54081344604492,,15.699999809265137,
2005-02-01,,13.010000228881836,,,,,26.829999923706055,,7.262261867523193,,,,,,,,12.531471252441406,,,,,,,35.099998474121094,286.53704833984375,13.665066719055176,44.6518440246582,,13.670000076293945,
2005-03-01,,12.0,,,,,24.18000030517578,,7.054770469665527,,,,,,,,10.569785118103027,,,,,,,29.709999084472656,287.65057373046875,13.421795845031738,43.068328857421875,,14.75,
2005-04-01,,8.640000343322754,,,,,26.5,,7.034018516540527,,,,,,,,6.668631553649902,,,,,,,25.399999618530273,214.1604766845703,14.8226957321167,41.57323455810547,,13.069999694824219,
2005-05-01,,11.34000015258789,,,,,26.90999984741211,,7.080883026123047,,,,,,,,11.097715377807617,,,,,,,27.729999542236328,196.71588134765625,13.992223739624023,40.69707489013672,,12.600000381469727,
2005-06-01,,10.039999961853027,,,,,28.18000030517578,,7.105965614318848,,,,,,,,8.65255069732666,,,,,,,26.209999084472656,201.91213989257812,14.931748390197754,43.77567672729492,,12.770000457763672,
2005-07-01,,9.720000267028809,,,,,30.5,,7.523961544036865,,,,,,,,9.05822467803955,,,,,,,29.270000457763672,181.869384765625,15.183406829833984,51.41995620727539,,13.210000038146973,
2005-08-01,,8.649999618530273,,,,,33.540000915527344,,8.123697280883789,,,,,,,,8.01902961730957,,,,,,,31.030000686645508,185.20985412597656,15.46023178100586,41.57323455810547,,13.979999542236328,
2005-09-01,,6.170000076293945,,,,,36.279998779296875,,8.106854438781738,,,,,,,,8.485833168029785,,,,,,,30.389999389648438,179.27125549316406,15.728666305541992,41.67774200439453,,13.149999618530273,
2005-10-01,,6.150000095367432,,,,,39.459999084472656,,7.791001319885254,,,,,,,,7.596687316894531,,,,,,,32.16999816894531,160.7131805419922,15.938383102416992,38.11683654785156,,11.800000190734863,
2005-11-01,,6.099999904632568,,,,,39.2599983215332,,7.782410144805908,,,,,,,,8.474719047546387,,,,,,,38.849998474121094,143.26852416992188,16.777244567871094,39.025146484375,,11.0600004196167,
2005-12-01,,6.960000038146973,,,,,38.279998779296875,,7.455847263336182,,,,,,,,8.11350154876709,,,,,,,36.65999984741211,149.2071533203125,19.570655822753906,32.49013900756836,,10.350000381469727,
2006-01-01,,9.4399995803833,,,,,42.400001525878906,,7.460086345672607,,,,,,,,9.391654968261719,,,,,,,49.22999954223633,148.46481323242188,19.763593673706055,33.91289520263672,,10.949999809265137,
2006-02-01,,9.5600004196167,,,,,46.04999923706055,,7.498455047607422,,,,,,,,9.213826179504395,,,,,,,47.97999954223633,146.6090087890625,19.906200408935547,32.52228927612305,,8.34000015258789,
2006-03-01,,10.59000015258789,,,,,48.59000015258789,,7.519834995269775,,,,,,,,8.902624130249023,,,,,,,54.95000076293945,158.8573455810547,20.5521240234375,29.97420883178711,,7.460000038146973,
2006-04-01,,10.699999809265137,,,,,45.27000045776367,,7.10943078994751,,,,,,,,9.241609573364258,,,,,,,46.61000061035156,146.6090087890625,20.988332748413086,30.392194747924805,,7.190000057220459,
2006-05-01,,9.319999694824219,,,,,47.43000030517578,,7.164650917053223,,,,,,,,8.085718154907227,,,,,,,39.0099983215332,170.73452758789062,20.971555709838867,34.16208267211914,,7.329999923706055,
2006-06-01,,7.909999847412109,,,,,44.439998626708984,,7.255181312561035,,,,,,,,7.985686302185059,,,,,,,35.150001525878906,166.28057861328125,22.481508255004883,40.037960052490234,,7.400000095367432,
2006-07-01,,7.21999979019165,,,,,32.75,,7.6517767906188965,,,,,,,,11.981307983398438,,,,,,,36.91999816894531,150.3206329345703,21.64264488220215,31.99178695678711,,7.179999828338623,
2006-08-01,,7.769999980926514,,,,,34.02000045776367,,7.619985580444336,,,,,,,,16.049175262451172,,,,,,,35.27000045776367,155.14573669433594,22.682836532592773,32.192726135253906,,6.139999866485596,
2006-09-01,,7.659999847412109,,,,,31.510000228881836,,7.359026908874512,,,,,,,,16.666017532348633,,,,,,,31.020000457763672,138.4434356689453,27.14558219909668,30.82624626159668,,6.25,
2006-10-01,,9.3100004196167,,,,,33.58000183105469,,7.276389122009277,,,,,,,,24.701719284057617,,,,,,,32.630001068115234,138.4434356689453,26.843591690063477,31.067398071289062,,6.789999961853027,
2006-11-01,,8.479999542236328,,,,,35.5,,7.337406158447266,,,,,,,,21.923131942749023,,,,,,,32.220001220703125,139.1857452392578,25.786624908447266,34.82120895385742,,6.489999771118164,
2006-12-01,,7.610000133514404,,,,,35.040000915527344,,7.337406158447266,,,,,,,,17.0883731842041,,,,,,,34.650001525878906,152.9187469482422,26.843591690063477,37.45771408081055,,6.739999771118164,
2007-01-01,,7.75,,,,,32.369998931884766,,7.254021167755127,,,,,,,,12.909356117248535,,,,,,,32.11000061035156,164.7959442138672,28.54648208618164,37.50594711303711,,7.349999904632568,
2007-02-01,,7.940000057220459,,,,,33.0099983215332,,7.342217445373535,,,,,,,,14.076374053955078,,,,,,,30.200000762939453,178.15777587890625,27.263023376464844,37.10403823852539,,7.039999961853027,
2007-03-01,,8.029999732971191,,,,,34.95000076293945,,7.054201602935791,,,,,,,,15.160021781921387,,,,,,,29.920000076293945,171.10568237304688,28.20254898071289,35.16683578491211,,6.460000038146973,
2007-04-01,,8.630000114440918,,,,,37.560001373291016,,7.151683807373047,,,,,,,,14.51539134979248,,,,,,,32.810001373291016,169.62103271484375,30.702356338500977,38.060577392578125,,7.059999942779541,
2007-05-01,,10.539999961853027,,,,,38.63999938964844,,7.132556915283203,,,,,,,,18.79442596435547,,,,,,,34.619998931884766,168.50758361816406,30.316482543945312,38.269561767578125,,7.510000228881836,
2007-06-01,,13.960000038146973,,,,,37.52000045776367,,7.611639976501465,,,,,,,,19.561315536499023,,,,,,,34.61000061035156,155.8880615234375,28.940746307373047,37.755126953125,,7.059999942779541,
2007-07-01,,15.270000457763672,,,,,34.650001525878906,,7.163896083831787,,,,,,,,17.116153717041016,,,,,469.6000061035156,,34.83000183105469,132.13368225097656,25.442691802978516,40.64081573486328,,6.090000152587891,
2007-08-01,,14.3100004196167,,,,,35.119998931884766,,6.8984375,,,,,,,,19.400165557861328,,,,,428.3999938964844,,36.91999816894531,115.80255126953125,27.556623458862305,38.41426086425781,,3.9100000858306885,
2007-09-01,,15.6899995803833,,,,,33.5,,6.821542263031006,,,,,,,,17.293983459472656,,,,,540.0,,41.7599983215332,119.88529968261719,29.637004852294922,37.72297286987305,,3.7300000190734863,
2007-10-01,,16.649999618530273,,,,,39.310001373291016,,6.9029669761657715,,,,,,,,16.043615341186523,,,,,733.2000122070312,,43.70000076293945,122.8546371459961,29.024633407592773,39.99152374267578,,3.490000009536743,
2007-11-01,,14.010000228881836,,,,,37.7400016784668,,6.795376300811768,,,,,,,,15.604598999023438,,,,,649.0,,37.13999938964844,132.87599182128906,26.340274810791016,36.35142135620117,,2.0399999618530273,
2007-12-01,,14.390000343322754,,,,,33.84000015258789,,6.699276447296143,,,,,,,,13.670696258544922,,,,,652.5999755859375,,37.43000030517578,135.1029815673828,28.470985412597656,34.119606018066406,,2.369999885559082,
2008-01-01,,11.489999771118164,,,,,32.869998931884766,,6.767917633056641,,,,,,,,15.799100875854492,,,,,535.4000244140625,,31.239999771118164,102.81187438964844,28.236103057861328,31.06104278564453,,1.600000023841858,
2008-02-01,,11.270000457763672,,,,,32.939998626708984,,6.715751647949219,,,,,,,,14.170844078063965,,,,,412.3999938964844,,30.950000762939453,106.89464569091797,24.595441818237305,31.251102447509766,,1.2599999904632568,
2008-03-01,,9.399999618530273,,,,,35.040000915527344,,7.016798496246338,,,,,,,,13.726268768310547,,,,,401.20001220703125,,31.540000915527344,104.66767883300781,24.721269607543945,34.961238861083984,,1.5199999809265137,
2008-04-01,,7.460000038146973,,,,,39.91999816894531,,7.813424587249756,,,,,,,,17.699657440185547,,,,,377.3999938964844,,33.77000045776367,92.7905044555664,23.41264533996582,30.624603271484375,,1.0,
2008-05-01,,7.03000020980835,,,,,38.34000015258789,,8.381839752197266,,,,,,,,19.966999053955078,,,,,490.0,,36.849998474121094,83.14028930664062,22.221460342407227,31.1140079498291,,1.1699999570846558,
2008-06-01,1.61353600025177,4.989999771118164,,,,,32.72999954223633,,6.398886203765869,,,,,,,,17.594072341918945,,,,,436.3999938964844,,36.09000015258789,78.31519317626953,14.587813377380371,29.032001495361328,,1.2899999618530273,
2008-07-01,1.5445531606674194,5.039999961853027,,,,,33.70000076293945,,8.592789649963379,,,,,,,,15.893572807312012,,,,,381.6000061035156,,32.709999084472656,63.468719482421875,22.649280548095703,27.46396827697754,,0.9900000095367432,
2008-08-01,1.871436595916748,6.5,,,,,35.0099983215332,,8.640666961669922,,,,,,,,17.238414764404297,,,,,408.0,,33.709999084472656,58.643585205078125,24.352170944213867,23.608352661132812,,1.0499999523162842,
2008-09-01,1.710463285446167,7.150000095367432,,,,,36.150001525878906,,9.320698738098145,,,,,,,,15.732417106628418,,,,,352.6000061035156,,30.700000762939453,42.312461853027344,23.08548927307129,22.00115394592285,,0.75,
2008-10-01,1.9360021352767944,5.010000228881836,,,,,34.029998779296875,,8.559826850891113,,,,,,,,15.699069023132324,,,,,244.0,,25.959999084472656,30.435285568237305,20.5521240234375,17.96664047241211,,0.07999999821186066,
2008-11-01,2.0754785537719727,4.349999904632568,,,,,30.260000228881836,,9.137189865112305,,,,,,,,12.831562042236328,,,,,186.39999389648438,,20.959999084472656,21.156230926513672,13.3882417678833,15.069877624511719,,0.27000001072883606,
2008-12-01,2.223280429840088,5.28000020980835,,,,,26.889999389648438,,9.545100212097168,,,,,,,,14.520947456359863,,,,,255.0,,24.780000686645508,21.527400970458984,10.452223777770996,13.77219295501709,,0.2199999988079071,
2009-01-01,2.201972007751465,5.070000171661377,,,,,24.479999542236328,,7.728023529052734,,,,,,,,18.049762725830078,,,,,252.1999969482422,,23.030000686645508,32.29109191894531,7.054831027984619,8.371984481811523,,0.3400000035762787,
2009-02-01,1.7743617296218872,4.300000190734863,,,,,22.100000381469727,,5.651691913604736,,,,,,,,15.0599946975708,,,,,180.39999389648438,,21.899999618530273,36.37388229370117,4.21108865737915,8.465006828308105,,0.3499999940395355,
2009-03-01,1.885672926902771,4.679999828338623,,,,,23.600000381469727,,7.694061279296875,,,,,,,,16.010272979736328,,,,,241.8000030517578,,26.399999618530273,39.71433639526367,5.0751166343688965,7.052762031555176,,0.44999998807907104,
2009-04-01,2.1699795722961426,4.800000190734863,,,,,23.440000534057617,,8.465412139892578,,,,,,,,21.139570236206055,,,,,255.1999969482422,,33.2599983215332,50.849205017089844,7.574925422668457,11.078081130981445,,0.44999998807907104,
2009-05-01,2.197755813598633,4.360000133514404,,,,,23.0,,8.302478790283203,,,,,,,,22.228771209716797,,,,,223.0,,33.619998931884766,44.53944396972656,6.056585311889648,11.416340827941895,,0.3199999928474426,
2009-06-01,2.6583690643310547,4.559999942779541,,,,,25.329999923706055,,9.553736686706543,,,,,,,,27.007963180541992,,,,,266.3999938964844,,37.97999954223633,47.50873947143555,5.326775074005127,11.670035362243652,,0.25,
2009-07-01,2.814115524291992,5.25,,,,,34.22999954223633,,9.602806091308594,,,,,,,,29.858797073364258,,,,,304.3999938964844,,42.83000183105469,77.20169067382812,4.445970058441162,12.261996269226074,,0.3499999940395355,
2009-08-01,3.0747740268707275,4.550000190734863,,,,,32.310001373291016,,9.238993644714355,,,,,,,,29.564268112182617,,,,,278.20001220703125,,45.060001373291016,79.0575180053711,5.318387031555176,12.473409652709961,,0.7300000190734863,
2009-09-01,3.5145552158355713,4.71999979019165,,,,,35.5,,9.219170570373535,,,,,,,,29.542037963867188,,,,,360.20001220703125,,46.36000061035156,105.78118896484375,6.887059211730957,11.830711364746094,,0.9800000190734863,
2009-10-01,3.3675968647003174,4.090000152587891,,,,,30.399999618530273,,7.737161159515381,,,,,,,,20.783903121948242,,,,,306.6000061035156,,41.900001525878906,90.9346923828125,7.969191551208496,11.8391695022583,,1.7699999809265137,
2009-11-01,3.428473472595215,4.230000019073486,,,,,35.689998626708984,,7.528614044189453,,,,,,,,20.922836303710938,,,,,320.20001220703125,,42.22999954223633,86.85191345214844,8.153740882873535,12.43112850189209,,2.200000047683716,
2009-12-01,3.437540054321289,4.380000114440918,,,,,35.91999816894531,,7.7239670753479,,,,,,,,22.940095901489258,,,,,351.0,,48.380001068115234,77.94403076171875,9.227484703063965,15.644620895385742,,2.9100000858306885,
2010-01-01,3.635622262954712,5.639999866485596,,,,,35.84000015258789,,7.0477423667907715,,,,,,,,23.173498153686523,,,,,271.3999938964844,,42.2400016784668,73.4900894165039,8.304736137390137,16.955379486083984,,3.2100000381469727,
2010-02-01,3.4490044116973877,7.559999942779541,,,,,35.02000045776367,,7.187740325927734,,,,,,,,24.707279205322266,,,,,310.3999938964844,,45.439998626708984,68.66497802734375,8.472509384155273,15.602334976196289,,2.990000009536743,
2010-03-01,3.48714542388916,5.869999885559082,,,,,34.13999938964844,,8.085572242736816,,,,,,,,25.174083709716797,,,,,333.79998779296875,,47.66999816894531,76.08821105957031,8.296348571777344,17.1837100982666,,3.049999952316284,
2010-04-01,3.9467966556549072,4.75,,,,,39.16999816894531,,8.15804386138916,,,,,,,,26.80234718322754,,,,,363.0,,48.349998474121094,82.02680969238281,9.353313446044922,22.84959602355957,,5.039999961853027,
2010-05-01,3.767463207244873,4.46999979019165,,,,,36.5099983215332,,7.557358264923096,,,,,,,,25.83539390563965,,,,,307.6000061035156,,45.43000030517578,77.94403076171875,8.891940116882324,18.646690368652344,,4.150000095367432,
2010-06-01,3.7904183864593506,3.9000000953674316,,,,,35.18000030517578,,6.741041660308838,,,,,,,,24.190465927124023,,,,,329.3999938964844,,40.560001373291016,77.20169067382812,8.313124656677246,18.688974380493164,,1.2799999713897705,
2010-07-01,4.148722171783447,4.099999904632568,,,,,35.060001373291016,,7.18770170211792,,,,,,,,23.8792667388916,,,,,396.20001220703125,,40.04999923706055,68.29380798339844,8.019523620605469,17.614992141723633,,1.100000023841858,
2010-08-01,4.106512546539307,3.630000114440918,,,,,33.5099983215332,,6.879141807556152,,,,,,,,21.339616775512695,,,,,363.3999938964844,,38.13999938964844,72.37661743164062,7.381988048553467,17.006126403808594,,0.6600000262260437,
2010-09-01,4.00550651550293,3.880000114440918,,,,,35.90999984741211,,7.207468509674072,,,,,,,,23.912601470947266,,,,,470.3999938964844,,36.650001525878906,75.71705627441406,7.046442985534668,21.1075496673584,,0.8799999952316284,
2010-10-01,4.534448623657227,3.9700000286102295,,,,,31.690000534057617,,7.233524799346924,,,,,,,,26.746763229370117,,,,,470.20001220703125,,39.900001525878906,71.26309967041016,7.323266983032227,24.955278396606445,,1.159999966621399,
2010-11-01,4.640530109405518,4.03000020980835,,,,,36.459999084472656,,7.394362449645996,,,,,,,,28.33613395690918,,,,,440.0,,42.47999954223633,79.7998275756836,7.60009241104126,30.0291748046875,,1.0800000429153442,
2010-12-01,4.550282001495361,4.699999809265137,,,,,46.689998626708984,,8.345744132995605,,,,,,,,32.13724899291992,,,,,446.79998779296875,,46.02000045776367,77.94403076171875,7.633646488189697,29.31754493713379,,1.1200000047683716,
2011-01-01,4.768113136291504,4.190000057220459,,,,,41.189998626708984,,7.806628227233887,,,,,,,,32.276187896728516,,,,,479.20001220703125,,44.47999954223633,83.88262939453125,8.07824420928955,28.289623260498047,,1.25,
2011-02-01,4.894423007965088,3.7799999713897705,,,,,40.81999969482422,,7.818185329437256,,,,,,,,32.92637634277344,,,,,550.5999755859375,,45.400001525878906,89.82120513916016,10.56966495513916,29.431751251220703,,2.2200000286102295,
2011-03-01,4.842902183532715,4.059999942779541,,,,,45.15999984741211,,8.160667419433594,,,,,,,,31.30921745300293,,,,,590.0,,43.209999084472656,92.7905044555664,11.031038284301758,29.502038955688477,,1.9500000476837158,
2011-04-01,5.069317817687988,4.460000038146973,,,,,46.47999954223633,,7.946613788604736,,,,,,,,32.76521682739258,,,,,596.2000122070312,,43.58000183105469,112.83325958251953,11.534356117248535,25.223451614379883,,2.9100000858306885,
2011-05-01,5.288738250732422,4.53000020980835,,,,,43.15999984741211,,7.832259654998779,,,,,,,,33.94333267211914,,,,,561.4000244140625,,42.97999954223633,102.44072723388672,11.534356117248535,21.01515007019043,,2.2899999618530273,
2011-06-01,5.069317817687988,4.550000190734863,,,,,45.0,,8.054488182067871,,,,,,,,32.4818000793457,,,,,518.0,,41.2599983215332,100.58491516113281,11.240754127502441,18.563966751098633,,1.7699999809265137,
2011-07-01,5.101765155792236,4.110000133514404,,,,,42.560001373291016,,7.984023571014404,,,,,,,,30.60346221923828,,,,,436.20001220703125,,35.40999984741211,103.92535400390625,11.391749382019043,22.45598602294922,,1.4299999475479126,
2011-08-01,5.209575653076172,4.449999809265137,,,,,36.369998931884766,,7.3487229347229,,,,,,,,36.710811614990234,,,,,319.0,,34.56999969482422,93.90397644042969,9.017769813537598,20.30352020263672,,1.4299999475479126,
2011-09-01,4.951930046081543,4.309999942779541,,,,,34.439998626708984,,6.914831161499023,,,,,,,,33.70994186401367,,,,,337.3999938964844,,33.540000915527344,82.02680969238281,6.459239482879639,21.164506912231445,,1.190000057220459,
2011-10-01,5.281280994415283,4.96999979019165,,,,,45.029998779296875,,7.903450012207031,,,,,,,,30.575672149658203,,,,,422.20001220703125,,42.75,89.07888793945312,5.872035503387451,20.200868606567383,,1.2799999713897705,
2011-11-01,5.507814407348633,6.019999980926514,,,,,40.689998626708984,,8.100313186645508,,,,,,,,32.55404281616211,,,,,397.3999938964844,,43.220001220703125,77.20169067382812,6.685731887817383,17.863210678100586,,1.1299999952316284,
2011-12-01,5.390709400177002,5.119999885559082,,,,,40.060001373291016,,8.574503898620605,,,,,,,,30.859100341796875,,,,,424.0,,43.41999816894531,72.74776458740234,6.551514148712158,17.59857940673828,,1.0,
2012-01-01,5.916707515716553,4.760000228881836,,,,,45.529998779296875,,8.914804458618164,,,,,,,,30.320043563842773,,,,,443.0,,43.84000015258789,74.60357666015625,7.633646488189697,18.609634399414062,,1.0299999713897705,
2012-02-01,6.195089817047119,4.03000020980835,,,,,45.09000015258789,,8.470812797546387,,,,,,,,29.73099136352539,,,,,439.79998779296875,,44.79999923706055,71.63426208496094,7.381988048553467,20.24020004272461,,0.9599999785423279,
2012-03-01,5.95906925201416,4.340000152587891,,,,,46.58000183105469,,8.374814987182617,,,,,,,,29.453128814697266,,,,,427.79998779296875,,43.0,77.94403076171875,7.927248477935791,20.7364559173584,,0.9700000286102295,
2012-04-01,6.56529426574707,4.599999904632568,,,,,51.599998474121094,,8.194103240966797,,,,,,,,28.16385269165039,,,,,398.3999938964844,,35.4900016784668,81.65563201904297,7.549760341644287,19.481231689453125,,1.1200000047683716,
2012-05-01,6.865818023681641,5.380000114440918,,,,,42.150001525878906,,8.122763633728027,,,,,,,,28.891843795776367,,,,,363.0,,34.529998779296875,84.25379180908203,6.895448207855225,17.906002044677734,,1.0099999904632568,
2012-06-01,7.063363075256348,5.239999771118164,,,,,51.279998779296875,,9.724438667297363,,,,,,,,29.869916915893555,,,,,329.20001220703125,,37.849998474121094,82.02680969238281,7.549760341644287,18.724763870239258,,0.9399999976158142,
2012-07-01,7.670165538787842,5.409999847412109,,,,,47.86000061035156,,9.610032081604004,,,,,,,,30.742399215698242,,,,,308.0,,36.95000076293945,74.23240661621094,7.004499912261963,20.131689071655273,,0.8299999833106995,
2012-08-01,7.604687213897705,5.349999904632568,,,,,45.79999923706055,,9.507439613342285,,,,,,,,31.236984252929688,,,,,282.3999938964844,,38.2400016784668,73.4900894165039,7.6168694496154785,19.586135864257812,,0.8299999833106995,
2012-09-01,7.5522966384887695,6.039999961853027,,,,,45.88999938964844,,10.155538558959961,,,,,,,,32.89301681518555,,,,,305.0,,36.7599983215332,76.83055114746094,7.801419258117676,19.004812240600586,,0.8700000047683716,
2012-10-01,7.459211349487305,7.809999942779541,,,,,48.34000015258789,,9.536375045776367,,,,,,,,28.7862606048584,,,,,283.0,,40.41999816894531,79.7998275756836,7.717532634735107,20.406814575195312,,0.8500000238418579,
2012-11-01,7.131461143493652,8.260000228881836,,,,,51.5,,8.746838569641113,,,,,,,,29.50870704650879,,,,,266.20001220703125,,41.81999969482422,75.34588623046875,8.019523620605469,20.568557739257812,,0.75,
2012-12-01,6.5324625968933105,8.9399995803833,,,,,49.97999954223633,,9.636149406433105,,,,,,,,30.83685302734375,,,,,275.6000061035156,,41.79999923706055,76.08821105957031,7.138718128204346,23.19241714477539,,0.7599999904632568,
2013-01-01,7.446078777313232,8.369999885559082,,,,,51.86000061035156,,9.68880558013916,,,,,,,,30.56455421447754,,,,,294.6000061035156,,43.63999938964844,68.66497802734375,8.715778350830078,24.480680465698242,,1.3700000047683716,
2013-02-01,7.4672770500183105,7.46999979019165,,,,,45.11000061035156,,10.25278091430664,,,,,,,,29.430898666381836,,,,,318.79998779296875,,41.52000045776367,84.99610137939453,10.158621788024902,25.863969802856445,,1.440000057220459,
2013-03-01,7.719249248504639,7.949999809265137,,,,,47.56999969482422,,10.655085563659668,,,,,,,,31.35368537902832,,,,,335.6000061035156,,41.36000061035156,93.5328140258789,13.446962356567383,25.873069763183594,,1.690000057220459,
2013-04-01,8.151713371276855,8.8100004196167,,,,,45.619998931884766,,10.110791206359863,,,,,,,,29.492019653320312,,,,,323.3999938964844,,39.709999084472656,95.0174789428711,13.002365112304688,33.18997573852539,,1.5299999713897705,
2013-05-01,6.313846111297607,9.489999771118164,,,,21.5,47.90999984741211,,9.535478591918945,,,,,,,,28.747358322143555,,,,,395.6000061035156,,43.04999923706055,86.10960388183594,12.952033042907715,34.62787628173828,,2.3299999237060547,
2013-06-01,5.631067276000977,8.520000457763672,,,,24.239999771118164,50.45000076293945,,10.456724166870117,,,,,,,,26.018781661987305,,,,,487.79998779296875,,41.40999984741211,90.56351470947266,9.948905944824219,33.99992752075195,,2.319999933242798,
2013-07-01,5.777415752410889,8.880000114440918,,,,22.739999771118164,54.790000915527344,,10.707975387573242,,,,,,,,27.552566528320312,,,,,579.2000122070312,,39.060001373291016,90.9346923828125,10.804545402526855,37.25795364379883,,2.2200000286102295,
2013-08-01,5.83380651473999,11.640000343322754,,,,15.760000228881836,52.540000915527344,,9.847671508789062,,,,,,,,27.4080753326416,,,,,569.7999877929688,,38.689998626708984,92.7905044555664,10.754213333129883,32.14339828491211,,2.299999952316284,
2013-09-01,5.787668228149414,14.880000114440918,,,,21.979999542236328,56.95000076293945,,10.071483612060547,,,,,,,,28.363920211791992,,,,,579.4000244140625,,42.709999084472656,93.5328140258789,11.240754127502441,34.90089416503906,,2.690000057220459,
2013-10-01,5.756227016448975,17.780000686645508,,,,15.149999618530273,58.56999969482422,,10.53120231628418,,,,,,,,29.658748626708984,,,,,534.4000244140625,,40.220001220703125,123.59696197509766,12.901701927185059,36.98303985595703,,3.0,
2013-11-01,5.4035868644714355,17.190000534057617,,,,16.020000457763672,67.47000122070312,,10.985504150390625,,,,,,,,31.67043685913086,,,,,544.2000122070312,,39.04999923706055,141.0415496826172,12.842981338500977,40.70689392089844,,3.4600000381469727,
2013-12-01,5.114584445953369,15.880000114440918,,,,15.109999656677246,68.69999694824219,,10.661142349243164,,,,,,,,32.3873291015625,,,,,572.2000122070312,,43.310001373291016,139.211181640625,14.369709014892578,40.770782470703125,,3.7899999618530273,
2014-01-01,5.741987228393555,16.059999465942383,,,,19.450000762939453,78.12000274658203,,10.397980690002441,,,,,,,,31.987213134765625,,,,,548.2000122070312,,47.2400016784668,131.6862335205078,14.571037292480469,50.09921646118164,,5.5,
2014-02-01,6.109259128570557,19.229999542236328,,,,20.0,78.44999694824219,,10.134897232055664,,,,,,,,31.3592472076416,,,,,632.4000244140625,,51.970001220703125,131.6862335205078,14.428430557250977,63.79758834838867,,4.96999979019165,
2014-03-01,5.889993667602539,18.290000915527344,,,,22.84000015258789,78.44999694824219,,10.091556549072266,,,,,,,,31.698230743408203,,,,,655.7999877929688,,52.25,130.99026489257812,14.654923439025879,66.09437561035156,,4.739999771118164,
2014-04-01,6.608066082000732,16.149999618530273,,,7740.0,19.31999969482422,77.94999694824219,,9.862485885620117,,,,,,,,29.180828094482422,,,,,626.5999755859375,,44.95000076293945,121.44286346435547,13.83283805847168,61.224334716796875,,4.519999980926514,
2014-05-01,6.904866695404053,13.270000457763672,,,6120.0,18.450000762939453,76.7699966430664,,10.125932693481445,,,,,,,,29.54759979248047,,,,,624.5999755859375,,45.119998931884766,134.80921936035156,13.925113677978516,60.482051849365234,,4.449999809265137,
2014-06-01,6.811747074127197,13.300000190734863,,,6138.0,21.940000534057617,85.30000305175781,,10.940520286560059,,,,,,,,30.892440795898438,,,,,709.5999755859375,,49.25,138.0400848388672,13.463738441467285,59.098297119140625,,4.929999828338623,
2014-07-01,6.9165873527526855,12.0600004196167,,,4770.0,22.719999313354492,71.38999938964844,,10.282584190368652,,,,,,,,36.87198257446289,,,,,723.7999877929688,,40.72999954223633,127.95850372314453,13.086251258850098,57.66446304321289,,4.369999885559082,
2014-08-01,7.075139045715332,15.670000076293945,,,3564.0,25.540000915527344,71.43000030517578,,10.703078269958496,,,,,,,,38.34463119506836,,,,,766.2000122070312,,45.33000183105469,152.38693237304688,12.75070571899414,73.64309692382812,,3.009999990463257,
2014-09-01,6.357152462005615,15.4399995803833,,,1764.0,27.6200008392334,68.0,,10.569923400878906,,,,,,,,35.866127014160156,,,,,728.2000122070312,,40.63999938964844,154.8134765625,11.744071006774902,74.6618423461914,,3.180000066757202,
2014-10-01,7.0090460777282715,18.84000015258789,,,882.0,31.040000915527344,72.87000274658203,,11.2166748046875,,,,,,,,39.83396911621094,,,,,842.7999877929688,,45.59000015258789,169.3888397216797,11.5930757522583,95.32604217529297,,2.490000009536743,
2014-11-01,7.182194709777832,21.479999542236328,,,666.0,35.2400016784668,74.12999725341797,,11.217820167541504,,,,,,,,39.2226676940918,,,,,879.4000244140625,,45.349998474121094,144.5713653564453,11.584688186645508,95.36280059814453,,1.690000057220459,
2014-12-01,6.857993125915527,26.479999542236328,,,570.5999755859375,40.2599983215332,79.2699966430664,,11.615933418273926,,,,,,,,39.33937072753906,,,,,928.5999755859375,,47.619998931884766,173.9264678955078,11.576298713684082,75.89686584472656,,1.6699999570846558,
2015-01-01,6.8374810218811035,27.010000228881836,,,466.20001220703125,40.11000061035156,73.51000213623047,,10.770332336425781,,,,,,,,36.73860549926758,,,,,831.2000122070312,,43.7599983215332,165.5492706298828,11.190423011779785,57.97029495239258,,1.8799999952316284,
2015-02-01,6.871580600738525,23.479999542236328,,,423.0,40.47999954223633,71.66000366210938,,10.783326148986816,,,,,,,,36.516510009765625,,,,,1031.800048828125,,50.63999938964844,170.3362579345703,11.509190559387207,62.580299377441406,,2.609999895095825,
2015-03-01,6.906081676483154,24.110000610351562,,,279.0,37.689998626708984,75.05999755859375,,11.335488319396973,,,,,,,,39.49651336669922,,,,,1024.0,,50.77000045776367,183.2326202392578,11.601465225219727,67.94486236572266,,3.0799999237060547,
2015-04-01,6.75093412399292,30.190000534057617,,,167.39999389648438,34.0,65.56999969482422,,10.835296630859375,,,,,,,,38.8890495300293,,,,,1047.199951171875,,51.66999816894531,169.91390991210938,11.534356117248535,69.1973876953125,,3.569999933242798,
2015-05-01,6.893426895141602,31.579999923706055,,,142.1999969482422,41.849998474121094,72.52999877929688,,11.217132568359375,,,,,,,,41.164154052734375,,,,,1131.5999755859375,,55.439998626708984,162.64918518066406,12.549379348754883,63.6114387512207,,3.5199999809265137,
2015-06-01,6.129715919494629,33.310001373291016,,,90.0,46.20000076293945,75.44000244140625,,12.78200912475586,,,,,,,,45.576683044433594,,,,495.0,1065.199951171875,,54.0099983215332,177.38351440429688,12.012507438659668,63.3256950378418,,3.1700000762939453,
2015-07-01,6.493566036224365,27.219999313354492,,,163.8000030517578,53.7400016784668,73.08000183105469,,12.499281883239746,,,,,,,,34.70570755004883,,,,425.0,1170.0,,44.9900016784668,178.6096649169922,12.66681957244873,64.90219116210938,,2.440000057220459,
2015-08-01,6.518500328063965,23.399999618530273,,,235.8000030517578,48.939998626708984,71.55000305175781,,12.336431503295898,,,,,,,,31.040592193603516,,,,350.0,1044.199951171875,,43.47999954223633,155.312744140625,13.732175827026367,58.25408935546875,,3.0999999046325684,
2015-09-01,6.438632488250732,22.030000686645508,,,219.60000610351562,38.20000076293945,68.08999633789062,,12.702204704284668,,,,,,,,28.68831443786621,,,,367.0,923.0,,41.540000915527344,154.77601623535156,12.851369857788086,58.22637939453125,,2.130000114440918,
2015-10-01,6.203059196472168,23.40999984741211,,,189.0,39.18000030517578,98.5999984741211,,14.052228927612305,,,,,,22.469999313354492,,35.04182052612305,,,,389.0,855.5999755859375,,49.970001220703125,244.9929962158203,14.302600860595703,55.35004425048828,,2.1500000953674316,
2015-11-01,6.314389228820801,18.700000762939453,,,167.39999389648438,40.400001525878906,92.69999694824219,,14.92912769317627,,,,,,24.350000381469727,,35.7949104309082,,,,384.20001220703125,842.0,,54.11000061035156,241.68231201171875,13.94189167022705,57.70024871826172,,1.7400000095367432,
2015-12-01,6.168074131011963,17.290000915527344,,,126.0,8.949999809265137,83.30999755859375,,13.771936416625977,,,,,,22.360000610351562,,33.763572692871094,,,,396.0,823.0,,48.540000915527344,241.3907012939453,17.121177673339844,52.26887893676758,,1.7200000286102295,
2016-01-01,6.141148567199707,15.390000343322754,,,151.1999969482422,7.699999809265137,83.86000061035156,,12.85694408416748,,,,,,12.479999542236328,,29.809059143066406,,,,360.0,770.5999755859375,,45.599998474121094,207.20407104492188,20.032028198242188,44.47914505004883,,1.440000057220459,
2016-02-01,6.579427719116211,19.3799991607666,,,115.19999694824219,4.610000133514404,81.13999938964844,,12.83242130279541,,,,,,11.6899995803833,,31.207908630371094,,,,405.0,823.0,,41.25,217.20989990234375,19.34416389465332,47.696624755859375,,1.350000023841858,
2016-03-01,6.858988285064697,19.6299991607666,,,154.8000030517578,5.110000133514404,93.45999908447266,,13.274681091308594,,,,,,14.479999542236328,,34.680240631103516,,,,373.0,600.7999877929688,,44.959999084472656,208.9638671875,19.931365966796875,53.213626861572266,,1.4199999570846558,
2016-04-01,6.836900234222412,18.260000228881836,,,147.60000610351562,5.980000019073486,87.69000244140625,,13.506014823913574,,,,,,12.899999618530273,,35.20169448852539,,,,396.0,612.4000244140625,,46.79999923706055,245.61680603027344,20.04880714416504,49.17030715942383,,2.2200000286102295,
2016-05-01,7.108417987823486,22.3700008392334,,,171.0,4.900000095367432,99.31999969482422,,13.863250732421875,,,,,,11.130000114440918,,34.6434326171875,,,,360.0,647.5999755859375,,49.75,211.49168395996094,18.706626892089844,42.99845504760742,,2.7100000381469727,
2016-06-01,7.537266254425049,24.8799991607666,,,169.1999969482422,3.930000066757202,93.69999694824219,,14.819573402404785,,,15.53974723815918,,,11.670000076293945,,36.62392044067383,,,,350.0,477.6000061035156,,48.7400016784668,219.0270538330078,15.711889266967773,37.89552688598633,,3.190000057220459,
2016-07-01,7.527685642242432,28.959999084472656,,,169.1999969482422,3.990000009536743,99.37999725341797,,15.170455932617188,,,16.306346893310547,,,7.519999980926514,,35.618553161621094,,,,331.0,519.0,,53.279998779296875,249.22299194335938,14.755587577819824,41.5714111328125,,3.200000047683716,
2016-08-01,7.496313095092773,27.079999923706055,,,158.39999389648438,4.809999942779541,104.56999969482422,,15.654086112976074,,,17.438331604003906,,,7.679999828338623,,36.875732421875,,,,388.0,617.0,,57.29999923706055,215.1993865966797,15.929993629455566,39.045433044433594,,3.4600000381469727,
2016-09-01,7.655514717102051,28.610000610351562,,,216.0,5.539999961853027,99.05000305175781,,16.669410705566406,,,18.300472259521484,,,8.539999961853027,,37.44111251831055,,,,368.0,613.2000122070312,,58.79999923706055,219.07394409179688,20.468238830566406,32.90293502807617,,3.0299999713897705,
2016-10-01,7.931419372558594,22.3799991607666,,,378.0,4.050000190734863,92.4000015258789,,16.460779190063477,,,18.437686920166016,,,6.050000190734863,,35.74501419067383,,,,390.0,575.7999877929688,,59.95000076293945,189.00497436523438,20.300466537475586,33.21120071411133,,2.5,
2016-11-01,7.444019794464111,27.229999542236328,,,268.20001220703125,4.889999866485596,94.55000305175781,,20.376846313476562,,,23.514738082885742,,,7.75,,43.16522216796875,,,,368.0,580.7999877929688,,66.3499984741211,199.74388122558594,24.956151962280273,36.39198684692383,,2.9000000953674316,
2016-12-01,7.302052021026611,24.239999771118164,,,360.0,4.599999904632568,99.8499984741211,,23.241682052612305,,,26.294517517089844,,,7.849999904632568,,46.17779541015625,,,,335.0,631.5999755859375,,65.0,217.03921508789062,27.47273826599121,37.701725006103516,,2.9000000953674316,
2017-01-01,7.595119476318359,24.979999542236328,,,378.0,5.440000057220459,98.25,,18.95846939086914,,,24.608417510986328,,,6.349999904632568,,50.16008377075195,,,,505.0,671.0,,65.19999694824219,219.2095947265625,25.669185638427734,28.910825729370117,,3.0,
2017-02-01,8.0618314743042,25.670000076293945,,,318.6000061035156,5.679999828338623,119.25,,19.245481491088867,,,25.55321502685547,,,7.599999904632568,,51.29597854614258,,,,600.0,479.79998779296875,,67.5,227.89117431640625,25.0400390625,27.925228118896484,,2.75,
2017-03-01,8.244168281555176,22.790000915527344,,,327.6000061035156,6.380000114440918,116.4000015258789,,19.344873428344727,,,25.13972282409668,,,8.100000381469727,,54.19593048095703,,,,580.0,431.79998779296875,,73.55000305175781,232.40914916992188,22.984825134277344,26.09483528137207,,3.299999952316284,
2017-04-01,8.812853813171387,24.579999923706055,,,309.6000061035156,5.980000019073486,118.75,,19.146093368530273,,,25.22013282775879,,,11.300000190734863,,53.292564392089844,,,,655.0,514.0,,71.1500015258789,206.09866333007812,25.969167709350586,30.31974983215332,,3.0,
2017-05-01,8.771397590637207,24.010000228881836,,,237.60000610351562,4.480000019073486,110.25,,17.991559982299805,,,25.541778564453125,,,12.550000190734863,,51.67565155029297,,,,740.0,502.0,,74.80000305175781,171.01805114746094,23.96819305419922,33.52619171142578,,2.0,
2017-06-01,9.061294555664062,25.139999389648438,,,212.39999389648438,5.449999809265137,129.64999389648438,,19.373329162597656,,,24.643354415893555,,,17.299999237060547,,51.06022262573242,,,,878.4000244140625,525.0,,68.3499984741211,179.61376953125,25.577672958374023,33.38473129272461,,2.25,
2017-07-01,9.08987808227539,24.59000015258789,,,243.0,4.96999979019165,130.39999389648438,,19.287418365478516,,,23.349435806274414,,,20.600000381469727,,52.3068962097168,,,,952.0,600.4000244140625,,75.0999984741211,181.83123779296875,24.925180435180664,33.62124252319336,,1.899999976158142,
2017-08-01,9.323653221130371,21.709999084472656,,,201.60000610351562,4.760000228881836,134.5500030517578,,18.800891876220703,,,22.45250701904297,,,20.5,,50.94058609008789,,,,797.0,581.0,,75.9000015258789,157.43923950195312,25.751670837402344,29.738222122192383,,1.75,
2017-09-01,9.462858200073242,22.670000076293945,,,185.39999389648438,5.25,147.5500030517578,,21.892236709594727,,,23.444351196289062,,,19.850000381469727,,53.04296875,,,,715.0,575.0,,79.9000015258789,155.28179931640625,26.36066246032715,38.73545837402344,,1.649999976158142,
2017-10-01,8.859599113464355,22.969999313354492,,,259.20001220703125,4.920000076293945,156.89999389648438,,22.542287826538086,,,24.014177322387695,,,21.600000381469727,,57.1469612121582,,,,730.0,597.4000244140625,,94.9000015258789,90.01844024658203,25.88216781616211,43.86945343017578,,1.75,
2017-11-01,8.835274696350098,24.8799991607666,,,279.0,4.46999979019165,153.14999389648438,,22.550357818603516,,,24.60620880126953,,,19.25,,56.8427619934082,,19.09000015258789,,581.9000244140625,579.7999877929688,,91.0999984741211,103.52120208740234,27.143653869628906,41.920753479003906,,1.5499999523162842,
2017-12-01,9.044306755065918,26.5,,,432.0,4.630000114440918,152.60000610351562,6.650000095367432,19.82072639465332,20.950000762939453,,24.193021774291992,,,20.200000762939453,,58.46062088012695,,18.899999618530273,,536.0,570.0,,88.30000305175781,118.73597717285156,25.838668823242188,41.39793014526367,,1.75,
2018-01-01,8.492578506469727,26.459999084472656,,,608.4000244140625,4.789999961853027,153.14999389648438,7.369999885559082,20.490394592285156,23.950000762939453,,23.902528762817383,,14.795387268066406,22.450000762939453,,56.978721618652344,,18.950000762939453,,726.0,453.0,,96.19999694824219,108.15098571777344,26.621660232543945,36.769954681396484,,1.850000023841858,
2018-02-01,8.185174942016602,34.83000183105469,,,414.0,4.860000133514404,159.10000610351562,7.380000114440918,19.796274185180664,26.09000015258789,,23.35133171081543,,12.99606704711914,20.549999237060547,,47.801856994628906,,17.709999084472656,,600.0,440.0,,93.5,94.34447479248047,25.838668823242188,32.62082290649414,,1.7000000476837158,
2018-03-01,8.71495532989502,39.310001373291016,,,315.0,5.199999809265137,173.75,8.210000038146973,20.545242309570312,28.84000015258789,,23.679624557495117,,13.530519485473633,21.799999237060547,,57.154544830322266,,20.020000457763672,,543.2999877929688,481.3999938964844,,89.9000015258789,73.04315185546875,26.273664474487305,35.24384307861328,,2.049999952316284,
2018-04-01,8.798398971557617,41.97999954223633,,,414.0,4.579999923706055,170.35000610351562,8.789999961853027,20.354326248168945,39.150001525878906,,23.634614944458008,,13.450350761413574,27.299999237060547,,58.15858840942383,,21.399999618530273,,605.0,424.0,,92.9000015258789,70.6869125366211,27.187150955200195,31.315885543823242,,1.909999966621399,
2018-05-01,8.835201263427734,63.68000030517578,,,336.6000061035156,4.570000171661377,207.60000610351562,9.9399995803833,21.46735382080078,38.13999938964844,,24.339895248413086,,11.96279525756836,31.450000762939453,,76.02494812011719,,23.06999969482422,,641.0,500.0,,105.5999984741211,77.75560760498047,27.230649948120117,36.39155197143555,,2.049999952316284,
2018-06-01,8.809944152832031,63.18000030517578,,,306.0,4.760000228881836,207.64999389648438,12.550000190734863,20.904373168945312,32.25,,25.884016036987305,,12.75528335571289,31.299999237060547,,84.58930969238281,,27.979999542236328,,667.0,436.0,,99.5999984741211,75.22058868408203,26.57815933227539,29.25688934326172,,2.0999999046325684,
2018-07-01,9.317055702209473,67.93000030517578,,,234.0,4.46999979019165,212.4499969482422,17.559999465942383,22.59331703186035,30.56999969482422,,25.44582176208496,,12.495341300964355,34.0,,74.19799041748047,,20.350000381469727,,590.0,400.0,,95.25,80.07352447509766,26.795656204223633,31.731355667114258,,2.1500000953674316,
2018-08-01,9.186604499816895,68.26000213623047,,,293.3999938964844,3.990000009536743,245.39999389648438,25.420000076293945,21.901439666748047,33.9900016784668,,26.0124568939209,,11.518299102783203,45.04999923706055,,79.67901611328125,,14.869999885559082,,571.5,377.79998779296875,,98.0,80.07352447509766,26.447660446166992,32.981380462646484,,2.200000047683716,
2018-09-01,9.082854270935059,68.43000030517578,,,259.20001220703125,3.890000104904175,253.0,23.690000534057617,21.669557571411133,34.31999969482422,160.0500030517578,24.407468795776367,,10.103368759155273,52.400001525878906,,74.21194458007812,,12.430000305175781,,560.0,364.6000061035156,,91.80000305175781,75.0,26.621660232543945,34.279483795166016,,2.0,
2018-10-01,8.782184600830078,61.720001220703125,,,201.60000610351562,3.490000009536743,200.61000061035156,18.850000381469727,21.362878799438477,32.20000076293945,144.4499969482422,20.506837844848633,,8.794174194335938,33.13999938964844,,59.36675262451172,,10.579999923706055,,535.0,319.0,,81.52999877929688,62.5,25.099178314208984,32.54399108886719,,2.3299999237060547,
2018-11-01,8.800989151000977,43.470001220703125,,,151.1999969482422,3.2899999618530273,164.55999755859375,15.029999732971191,21.478300094604492,29.219999313354492,100.94999694824219,19.731271743774414,,7.5842976570129395,34.31999969482422,,67.73927307128906,,7.869999885559082,,590.0,315.6000061035156,,88.37000274658203,44.5,23.628896713256836,29.492389678955078,26.459999084472656,2.1700000762939453,
2018-12-01,8.81072998046875,43.75,,,133.1999969482422,2.569999933242798,130.3800048828125,13.149999618530273,19.869125366210938,36.369998931884766,117.25,17.129016876220703,,7.309513092041016,33.47999954223633,,62.0671501159668,,6.199999809265137,,477.0,288.6000061035156,,78.80999755859375,28.5,20.862333297729492,27.812076568603516,23.09000015258789,1.6100000143051147,
2019-01-01,9.088286399841309,51.0099983215332,,,131.39999389648438,2.3299999237060547,166.2899932861328,17.350000381469727,19.544267654418945,32.790000915527344,130.3000030517578,18.486148834228516,,9.52424144744873,49.0,,67.5620346069336,,6.440000057220459,,528.0,393.79998779296875,,76.5,35.5,20.618736267089844,33.63984298706055,23.1299991607666,2.049999952316284,
2019-02-01,9.046260833740234,53.83000183105469,,,133.1999969482422,2.0299999713897705,138.42999267578125,19.889999389648438,20.12343978881836,37.060001373291016,131.8000030517578,19.551925659179688,,8.43966293334961,53.709999084472656,,72.90088653564453,,7.420000076293945,,483.0,436.20001220703125,,81.0199966430664,38.5,21.140727996826172,30.050813674926758,21.770000457763672,2.059999942779541,
2019-03-01,9.320219039916992,54.40999984741211,,,109.80000305175781,2.0999999046325684,117.52999877929688,21.719999313354492,19.031349182128906,37.790000915527344,125.69999694824219,18.6297664642334,,7.672947883605957,48.16999816894531,,70.14154815673828,,10.300000190734863,,543.0,405.0,,80.86000061035156,45.5,22.97640609741211,28.498802185058594,23.18000030517578,2.0,
2019-04-01,9.303801536560059,63.5,,,97.19999694824219,2.700000047683716,124.7699966430664,19.829999923706055,20.47473907470703,46.09000015258789,140.25,20.7668514251709,,7.838552474975586,44.06999969482422,,68.65115356445312,,9.960000038146973,,719.0,251.0,,107.66000366210938,36.0,23.298301696777344,29.520851135253906,23.65999984741211,1.9199999570846558,
2019-05-01,8.663642883300781,66.77999877929688,,,82.80000305175781,3.4000000953674316,143.60000610351562,20.760000228881836,19.520221710205078,35.9900016784668,98.5,18.970462799072266,,7.341741561889648,53.119998931884766,,52.278343200683594,,7.590000152587891,,664.0,182.39999389648438,,93.56999969482422,30.0,24.446687698364258,24.355432510375977,25.809999465942383,1.7999999523162842,
2019-06-01,8.970747947692871,64.20999908447266,,,70.19999694824219,4.320000171661377,157.5399932861328,24.219999313354492,20.73250961303711,3.1600000858306885,102.1500015258789,20.882434844970703,,8.359532356262207,63.22999954223633,,50.51789855957031,,7.079999923706055,,576.0,103.19999694824219,,103.4000015258789,34.54999923706055,28.2137393951416,23.4880313873291,29.010000228881836,1.9600000381469727,
2019-07-01,9.229472160339355,70.22000122070312,,,50.400001525878906,3.5999999046325684,177.35000610351562,25.010000228881836,20.238332748413086,2.9800000190734863,78.5999984741211,21.19504737854004,,9.178728103637695,83.22000122070312,,48.76939010620117,,5.369999885559082,,671.0,66.0,,112.20999908447266,26.75,24.551084518432617,20.371776580810547,33.720001220703125,2.1500000953674316,
2019-08-01,8.08127498626709,59.970001220703125,,,160.1999969482422,2.0199999809265137,183.47000122070312,23.989999771118164,19.83875274658203,2.8399999141693115,50.150001525878906,20.139986038208008,,8.080260276794434,90.86000061035156,,47.26088333129883,,7.659999847412109,,590.0,37.20000076293945,,109.0,22.5,22.880706787109375,18.3336181640625,29.030000686645508,1.850000023841858,
2019-09-01,8.838383674621582,56.779998779296875,,,147.60000610351562,2.3499999046325684,192.08999633789062,20.575000762939453,21.47115135192871,2.4700000286102295,43.25,20.555076599121094,,8.531622886657715,74.77999877929688,,48.84360885620117,,7.0,,595.5999755859375,38.20000076293945,,111.3499984741211,22.399999618530273,25.551572799682617,19.49968147277832,23.8799991607666,1.9199999570846558,
2019-10-01,9.459086418151855,51.130001068115234,,,133.1999969482422,1.4299999475479126,191.64999389648438,18.0,22.08037567138672,2.6500000953674316,39.70000076293945,21.146869659423828,,10.000639915466309,71.63999938964844,,45.82539367675781,,7.820000171661377,,545.0,46.20000076293945,,106.23999786376953,20.299999237060547,23.994293212890625,22.328983306884766,23.81999969482422,2.200000047683716,
2019-11-01,9.702116012573242,73.80000305175781,,,126.0,2.200000047683716,200.00999450683594,14.270000457763672,22.492101669311523,3.4000000953674316,28.25,22.156875610351562,,12.288924217224121,92.18000030517578,,46.81184387207031,,9.34000015258789,,577.7999877929688,81.80000305175781,,105.93000030517578,15.649999618530273,24.881681442260742,23.069005966186523,23.829999923706055,1.9900000095367432,
2019-12-01,9.995369911193848,73.27999877929688,,,126.0,2.0299999713897705,195.3800048828125,17.15999984741211,23.874162673950195,3.9600000381469727,32.20000076293945,23.050796508789062,,12.772237777709961,84.2699966430664,,53.41931915283203,,9.220000267028809,,929.0,98.80000305175781,,115.9800033569336,13.0,26.952255249023438,21.914569854736328,21.0,1.899999976158142,
2020-01-01,10.603936195373535,76.80999755859375,,,122.4000015258789,1.649999976158142,224.02000427246094,15.029999732971191,22.334156036376953,3.2300000190734863,20.200000762939453,21.02907371520996,,11.17273998260498,81.45999908447266,,54.885738372802734,,7.829999923706055,,1094.0,79.0,,98.30999755859375,14.300000190734863,25.88216781616211,21.650022506713867,24.84000015258789,1.8799999952316284,
2020-02-01,9.80350112915039,77.37000274658203,,10.199999809265137,91.80000305175781,1.7699999809265137,201.72000122070312,8.109999656677246,20.339365005493164,4.239999771118164,12.100000381469727,18.9596004486084,,9.065391540527344,72.75,,47.98514175415039,,6.050000190734863,,818.0,70.0,,88.68000030517578,12.550000190734863,24.933879852294922,20.76614761352539,30.6200008392334,1.8200000524520874,
2020-03-01,6.140192031860352,70.7699966430664,,6.900000095367432,57.599998474121094,1.440000057220459,144.94000244140625,3.990000009536743,17.547687530517578,3.819999933242798,3.5,14.060315132141113,,4.034337520599365,67.33999633789062,,39.460514068603516,,4.489999771118164,,770.0,56.400001525878906,,85.41000366210938,19.850000381469727,15.390103340148926,14.370451927185059,30.579999923706055,0.949999988079071,
2020-04-01,7.296836853027344,72.70999908447266,,8.100000381469727,63.0,2.299999952316284,154.67999267578125,4.28000020980835,17.467924118041992,7.070000171661377,6.5,13.039353370666504,,3.7214789390563965,65.80000305175781,,43.05542755126953,,4.039999961853027,,1350.0,57.79999923706055,,97.22000122070312,16.399999618530273,14.589713096618652,15.75,32.709999084472656,0.7799999713897705,
2020-05-01,7.67491340637207,75.95999908447266,,8.8100004196167,59.400001525878906,3.119999885559082,190.19000244140625,5.650000095367432,16.659744262695312,8.819999694824219,7.400000095367432,12.034470558166504,,4.07636022567749,67.43000030517578,,45.90707778930664,,4.320000171661377,,1990.0,75.4000015258789,,93.66000366210938,10.300000190734863,14.755010604858398,12.899999618530273,37.95000076293945,0.7099999785423279,
2020-06-01,7.719862461090088,98.12999725341797,,8.739999771118164,54.0,3.0999999046325684,192.85000610351562,5.800000190734863,17.540830612182617,4.590000152587891,10.75,12.260531425476074,,4.672726631164551,59.29999923706055,,47.78792953491211,,7.440000057220459,,2275.0,62.0,,100.2699966430664,14.0,17.234477996826172,15.9399995803833,45.29999923706055,1.909999966621399,
2020-07-01,8.216038703918457,83.12999725341797,,7.889999866485596,48.599998474121094,3.109999895095825,200.3300018310547,5.539999961853027,16.279830932617188,5.019999980926514,10.0,11.555244445800781,,3.913167715072632,75.79000091552734,,41.92167282104492,,5.09499979019165,,3423.0,60.0,,100.51000213623047,14.0,16.61678695678711,21.610000610351562,56.040000915527344,1.5199999809265137,
2020-08-01,8.599075317382812,85.68000030517578,,7.070000171661377,45.0,2.809999942779541,190.91000366210938,5.840000152587891,17.450977325439453,4.400000095367432,7.860000133514404,11.981697082519531,,4.2592949867248535,82.75,,42.04225158691406,,4.550000190734863,,3749.0,52.599998474121094,,102.41000366210938,12.5,17.051782608032227,20.920000076293945,69.93000030517578,1.090000033378601,
2020-09-01,8.550005912780762,90.69999694824219,,7.619999885559082,41.400001525878906,2.490000009536743,180.30999755859375,5.789999961853027,17.286964416503906,4.260000228881836,4.150000095367432,10.723856925964355,,4.163149356842041,111.30999755859375,,38.61939239501953,,3.9000000953674316,,3909.0,40.79999923706055,,97.8499984741211,12.449999809265137,18.756959915161133,19.899999618530273,75.97000122070312,1.1699999570846558,
2020-10-01,8.659706115722656,98.9000015258789,,7.900000095367432,37.79999923706055,2.6700000762939453,172.13999938964844,6.340000152587891,18.968097686767578,3.819999933242798,3.9200000762939453,12.434663772583008,,4.563080787658691,122.0999984741211,,36.298133850097656,,3.200000047683716,,300.0,40.0,,102.45999908447266,12.600000381469727,18.591663360595703,29.040000915527344,76.63999938964844,0.949999988079071,
2020-11-01,9.553460121154785,125.69000244140625,,8.75,57.599998474121094,3.7699999809265137,180.00999450683594,8.779999732971191,20.1560001373291,4.130000114440918,6.789999961853027,14.145475387573242,,6.7651166915893555,125.6500015258789,,41.143672943115234,45.25713348388672,4.050000190734863,,326.0,51.0,,117.20999908447266,15.100000381469727,21.184228897094727,44.29999923706055,111.73999786376953,1.4600000381469727,
2020-12-01,9.828902244567871,122.52999877929688,,8.90999984741211,63.0,4.829999923706055,175.4499969482422,10.380000114440918,21.12928009033203,5.03000020980835,6.460000038146973,15.13663387298584,,7.035675525665283,173.0399932861328,,45.154354095458984,59.59529495239258,4.139999866485596,,281.0,49.79999923706055,,127.33999633789062,17.950000762939453,22.184715270996094,49.36000061035156,141.2899932861328,1.1699999570846558,
2021-01-01,9.905191421508789,164.16000366210938,,9.069999694824219,174.60000610351562,8.479999542236328,188.66000366210938,11.949999809265137,19.9896297454834,5.340000152587891,8.390000343322754,15.577096939086914,,6.524166107177734,160.9600067138672,,51.351219177246094,50.19191360473633,3.9800000190734863,,455.0,63.79999923706055,,131.1699981689453,17.700000762939453,22.74150848388672,54.75,164.5399932861328,1.6699999570846558,
2021-02-01,10.2561616897583,165.49000549316406,,9.0600004196167,176.39999389648438,9.8100004196167,210.91000366210938,13.579999923706055,21.520357131958008,4.150000095367432,14.989999771118164,20.752519607543945,,9.670435905456543,149.10000610351562,,57.504600524902344,51.93302917480469,3.880000114440918,,398.0,73.0,,155.74000549316406,16.899999618530273,21.132030487060547,51.52000045776367,137.63999938964844,1.6200000047683716,
2021-03-01,10.801399230957031,142.4199981689453,,10.260000228881836,120.5999984741211,9.640000343322754,225.61000061035156,19.68000030517578,24.576650619506836,3.9000000953674316,16.030000686645508,23.80771255493164,,9.655959129333496,132.17999267578125,,57.20267105102539,59.231170654296875,3.690000057220459,,380.0,73.19999694824219,,141.07000732421875,15.600000381469727,26.53466033935547,46.900001525878906,123.86000061035156,1.75,
2021-04-01,11.638768196105957,151.61000061035156,,9.90999984741211,192.60000610351562,8.710000038146973,209.42999267578125,21.540000915527344,23.818891525268555,3.799999952316284,7.710000038146973,24.185340881347656,,10.38489055633545,204.10000610351562,,62.44963836669922,69.53553009033203,3.569999933242798,,320.0,73.80000305175781,,140.9499969482422,14.399999618530273,30.580110549926758,43.900001525878906,134.19000244140625,2.4100000858306885,
2021-05-01,12.115684509277344,140.58999633789062,,10.050000190734863,131.39999389648438,7.820000171661377,221.27000427246094,26.25,26.80140495300293,3.049999952316284,11.869999885559082,23.910703659057617,,12.461870193481445,204.0,,57.00682067871094,72.96083068847656,3.190000057220459,,303.0,80.0,9.84000015258789,136.55999755859375,13.800000190734863,23.637598037719727,50.20000076293945,107.30999755859375,4.800000190734863,
2021-06-01,11.109177589416504,176.8000030517578,,10.180000305175781,117.0,8.0,222.19000244140625,21.280000686645508,25.057186126708984,2.9700000286102295,9.550000190734863,22.7762393951416,,11.611062049865723,221.82000732421875,,61.2730598449707,79.49834442138672,3.109999895095825,,287.0,100.0,9.800000190734863,153.25,15.5,21.46262550354004,44.459999084472656,133.25,5.019999980926514,
2021-07-01,10.511621475219727,186.02000427246094,,10.149999618530273,140.39999389648438,6.630000114440918,235.0,18.65999984741211,24.725358963012695,2.5999999046325684,5.960000038146973,21.33700942993164,,12.452162742614746,154.00999450683594,,62.1170539855957,82.43880462646484,2.8399999141693115,,292.0,80.19999694824219,9.779999732971191,148.99000549316406,18.0,26.23016357421875,41.18000030517578,123.05000305175781,4.599999904632568,
2021-08-01,10.884031295776367,181.8699951171875,,10.399999618530273,117.0,7.099999904632568,255.5,19.940000534057617,25.538888931274414,2.569999933242798,6.360000133514404,21.93524169921875,,13.167582511901855,134.2100067138672,,58.84535217285156,124.64554595947266,2.9100000858306885,,269.0,77.5999984741211,9.829999923706055,157.6199951171875,14.399999618530273,26.2127628326416,37.29999923706055,113.20999908447266,6.960000038146973,
2021-09-01,10.600631713867188,175.02000427246094,,10.3100004196167,108.0,6.190000057220459,236.74000549316406,18.209999084472656,25.065786361694336,2.5899999141693115,4.760000228881836,21.675928115844727,,13.845626831054688,116.16999816894531,,53.61540222167969,112.46954345703125,3.0,,220.0,78.0,9.920000076293945,140.16000366210938,13.600000381469727,28.14413833618164,38.900001525878906,106.97000122070312,6.809999942779541,
2021-10-01,10.7816743850708,179.9600067138672,,10.199999809265137,88.19999694824219,5.239999771118164,240.3800048828125,16.389999389648438,25.521682739257812,4.239999771118164,4.380000114440918,22.49107551574707,,14.397128105163574,102.56999969482422,,56.96793746948242,118.18753051757812,2.6500000953674316,,208.0,78.19999694824219,9.899999618530273,188.75999450683594,13.199999809265137,29.649221420288086,34.66999816894531,118.80000305175781,7.070000171661377,
2021-11-01,10.431478500366211,168.7899932861328,,10.114999771118164,86.4000015258789,6.289999961853027,297.489990234375,16.34000015258789,26.328746795654297,5.010000228881836,4.0,20.86077880859375,,15.538835525512695,93.63999938964844,,57.21134567260742,96.73279571533203,1.590000033378601,,172.0,69.4000015258789,9.9399995803833,196.27000427246094,12.25,30.675806045532227,36.58000183105469,95.5,3.359999895095825,
2021-12-01,10.338900566101074,157.0,,10.180000305175781,57.599998474121094,6.429999828338623,317.6499938964844,18.799999237060547,27.30259895324707,4.760000228881836,3.0999999046325684,21.96975326538086,,18.103971481323242,75.08000183105469,,58.087345123291016,63.77534103393555,1.6200000047683716,,235.0,66.80000305175781,9.920000076293945,206.4199981689453,12.75,31.815492630004883,37.02000045776367,77.38999938964844,3.390000104904175,
2022-01-01,10.316225051879883,139.92999267578125,,9.960000038146973,77.4000015258789,5.710000038146973,269.44000244140625,17.280000686645508,27.94603157043457,3.569999933242798,4.989999771118164,25.58559226989746,,14.822019577026367,68.6500015258789,,52.61879348754883,59.869117736816406,2.299999952316284,,131.0,60.599998474121094,9.970000267028809,165.19000244140625,6.800000190734863,31.87639045715332,37.88999938964844,59.41999816894531,4.5,
2022-02-01,9.01749038696289,140.25,,10.350000381469727,22.559999465942383,5.639999866485596,272.6300048828125,17.459999084472656,26.1588191986084,2.6600000858306885,6.699999809265137,26.01984405517578,,17.116479873657227,81.86000061035156,,49.459083557128906,53.28352355957031,2.930000066757202,9.920000076293945,127.0,52.400001525878906,10.020000457763672,153.7100067138672,6.050000190734863,33.22487258911133,38.0,55.939998626708984,4.5,
2022-03-01,9.235918045043945,137.72999572753906,,10.720000267028809,30.1200008392334,4.579999923706055,240.85000610351562,17.25,26.40460777282715,1.8300000429153442,5.170000076293945,25.828332901000977,,15.421141624450684,82.8499984741211,7.409999847412109,47.09854507446289,73.99234771728516,2.4700000286102295,9.949999809265137,166.0,58.20000076293945,10.039999961853027,150.1999969482422,5.650000095367432,37.479122161865234,37.75,49.380001068115234,5.150000095367432,
2022-04-01,7.810367107391357,112.19999694824219,,10.800000190734863,20.399999618530273,4.400000095367432,236.25,16.290000915527344,24.71042823791504,1.690000057220459,4.929999828338623,23.59095001220703,,11.76927661895752,76.58000183105469,9.5,40.10336685180664,54.87348556518555,2.4200000762939453,10.010000228881836,129.0,40.400001525878906,10.079999923706055,134.91000366210938,4.699999809265137,36.53953170776367,35.45000076293945,28.84000015258789,6.039999961853027,
2022-05-01,8.79468822479248,101.36000061035156,,11.149999618530273,14.880000114440918,1.8799999952316284,222.16000366210938,20.3700008392334,26.861194610595703,1.590000033378601,6.110000133514404,24.056324005126953,,10.723118782043457,80.37999725341797,15.029999732971191,42.766544342041016,50.48635482788086,2.055000066757202,9.989999771118164,134.0,38.599998474121094,10.135000228881836,149.16000366210938,5.150000095367432,37.279022216796875,35.41999816894531,34.040000915527344,6.550000190734863,
2022-06-01,8.040200233459473,93.16999816894531,,11.210000038146973,15.119999885559082,2.0799999237060547,195.99000549316406,22.31999969482422,26.73695945739746,1.4500000476837158,4.329999923706055,21.758285522460938,,9.392605781555176,69.5,11.199999809265137,41.18644332885742,35.49944305419922,3.6600000858306885,9.989999771118164,116.5,41.20000076293945,10.140000343322754,140.22000122070312,4.650000095367432,28.03973960876465,33.150001525878906,34.959999084472656,4.28000020980835,
2022-07-01,9.25613784790039,110.19000244140625,,11.069999694824219,16.559999465942383,2.190000057220459,257.7900085449219,26.209999084472656,26.80794906616211,2.740000009536743,5.340000152587891,23.713274002075195,,11.072977066040039,67.98999786376953,8.800000190734863,48.51907730102539,34.23336410522461,3.619999885559082,10.029999732971191,119.5,40.20000076293945,10.170000076293945,147.47999572753906,5.150000095367432,27.552547454833984,30.420000076293945,43.7400016784668,3.509999990463257,
2022-08-01,8.857394218444824,116.68000030517578,,11.029999732971191,15.359999656677246,2.200000047683716,234.00999450683594,22.270000457763672,26.025962829589844,2.2100000381469727,7.599999904632568,22.70862579345703,,9.95596694946289,82.12999725341797,8.100000381469727,45.639766693115234,30.022891998291016,3.6500000953674316,10.020000457763672,110.5,43.599998474121094,10.199999809265137,125.33000183105469,5.349999904632568,30.980304718017578,27.299999237060547,40.119998931884766,4.190000057220459,
2022-09-01,6.302380561828613,115.75,,11.020000457763672,12.600000381469727,1.9299999475479126,205.75999450683594,20.219999313354492,24.724666595458984,2.640000104904175,8.229999542236328,21.553447723388672,,7.8503570556640625,75.9800033569336,7.090000152587891,41.97742462158203,26.548521041870117,3.6600000858306885,10.0600004196167,73.0,33.0,10.260000228881836,123.44000244140625,5.0,20.270740509033203,20.799999237060547,35.2400016784668,4.25,
2022-10-01,6.233813285827637,145.44000244140625,,11.210000038146973,11.880000114440918,1.7699999809265137,226.6699981689453,20.649999618530273,27.425979614257812,2.5999999046325684,15.390000343322754,25.64101219177246,,7.976974010467529,70.66000366210938,6.78000020980835,55.79893112182617,29.512531280517578,3.490000009536743,10.100000381469727,75.9000015258789,24.200000762939453,10.35200023651123,114.91999816894531,5.150000095367432,29.559999465942383,26.0,32.83000183105469,4.96999979019165,
2022-11-01,7.693138122558594,184.02999877929688,,11.420000076293945,12.600000381469727,2.1700000762939453,229.6300048828125,9.5,28.557138442993164,2.5999999046325684,15.779999732971191,24.607688903808594,,8.259431838989258,76.83999633789062,7.349999904632568,58.218299865722656,30.238813400268555,1.7699999809265137,10.229999542236328,97.5999984741211,27.0,10.265000343322754,145.44000244140625,4.849999904632568,24.299999237060547,24.84000015258789,27.350000381469727,4.400000095367432,
2022-12-01,8.06958293914795,165.92999267578125,,11.180000305175781,10.079999923706055,1.8600000143051147,226.25,10.90999984741211,27.194679260253906,3.0999999046325684,17.309999465942383,24.606403350830078,,7.792364120483398,73.3499984741211,7.5,59.16865921020508,24.93892478942871,1.850000023841858,10.0,29.600000381469727,23.200000762939453,10.350000381469727,135.6699981689453,4.25,19.290000915527344,20.549999237060547,23.809999465942383,3.759999990463257,
2023-01-01,9.149642944335938,195.44000244140625,,11.430000305175781,11.520000457763672,1.7699999809265137,266.1000061035156,12.100000381469727,26.940351486206055,2.1700000762939453,14.779999732971191,23.552631378173828,,8.378989219665527,91.18000030517578,9.920000076293945,66.58873748779297,34.675018310546875,1.7899999618530273,10.149999618530273,26.100000381469727,24.399999618530273,10.444999694824219,156.91000366210938,4.650000095367432,22.020000457763672,24.90999984741211,28.690000534057617,4.980000019073486,
2023-02-01,8.662848472595215,200.30999755859375,,11.5,11.640000343322754,1.5800000429153442,285.0,10.8100004196167,26.902761459350586,1.934999942779541,12.789999961853027,24.07027244567871,,7.841249465942383,76.97000122070312,11.430000305175781,70.41548919677734,30.0817813873291,1.7999999523162842,10.170000076293945,23.549999237060547,23.200000762939453,10.520000457763672,178.52999877929688,4.150000095367432,21.309999465942383,20.350000381469727,19.459999084472656,4.989999771118164,
2023-03-01,8.121052742004395,224.85000610351562,,10.0,10.4399995803833,1.2599999904632568,317.739990234375,9.430000305175781,23.787992477416992,1.940000057220459,11.649999618530273,20.029525756835938,,6.922199726104736,60.13999938964844,13.109999656677246,76.91209411621094,42.71809387207031,1.9299999475479126,10.199999809265137,21.600000381469727,24.600000381469727,10.729999542236328,175.08999633789062,4.650000095367432,20.0,22.75,15.079999923706055,5.5,
2023-04-01,8.081753730773926,210.7100067138672,,8.75,9.300000190734863,1.159999966621399,300.2200012207031,9.859999656677246,22.694612503051758,4.869999885559082,9.970000267028809,18.701705932617188,,6.221996784210205,65.9000015258789,14.800000190734863,69.88722229003906,39.896392822265625,1.7100000381469727,10.25,19.299999237060547,20.200000762939453,7.650000095367432,139.3000030517578,3.700000047683716,21.399999618530273,19.399999618530273,12.479999542236328,5.809999942779541,
2023-05-01,7.58768367767334,192.91000366210938,,7.900000095367432,8.784000396728516,1.3799999952316284,248.97999572753906,12.199999809265137,22.06948471069336,4.190000057220459,7.940000057220459,18.084548950195312,,5.6135358810424805,71.80999755859375,17.5,82.82483673095703,30.808061599731445,1.25,10.34000015258789,17.700000762939453,18.0,43.04999923706055,140.6699981689453,5.099999904632568,21.780000686645508,18.969999313354492,15.149999618530273,5.710000038146973,
2023-06-01,8.475432395935059,195.1199951171875,,8.15999984741211,8.9399995803833,1.2100000381469727,295.0,10.819999694824219,22.66545295715332,4.460000038146973,9.729999542236328,18.9136905670166,,6.136133193969727,41.5,15.970000267028809,91.33598327636719,29.011985778808594,1.2300000190734863,10.420000076293945,14.100000381469727,16.200000762939453,25.770000457763672,157.74000549316406,5.25,26.25,18.139999389648438,20.459999084472656,6.0,
2023-07-01,8.625931739807129,185.92999267578125,,8.329999923706055,9.251999855041504,1.1799999475479126,295.6499938964844,8.15999984741211,24.57441520690918,4.190000057220459,11.729999542236328,22.257549285888672,,6.826695919036865,32.63999938964844,14.050000190734863,74.24797821044922,33.47763442993164,1.2050000429153442,10.489999771118164,13.300000190734863,15.399999618530273,15.029999732971191,149.13999938964844,4.800000190734863,28.3799991607666,23.389999389648438,24.34000015258789,5.679999828338623,
2023-08-01,8.488580703735352,212.91000366210938,,7.5,9.887999534606934,1.1399999856948853,279.5199890136719,6.96999979019165,23.257492065429688,3.950000047683716,10.40999984741211,21.089099884033203,,6.99440336227417,22.059999465942383,14.3100004196167,83.94010162353516,17.735000610351562,1.190000057220459,10.550000190734863,13.5,14.0,12.039999961853027,134.86000061035156,5.449999809265137,27.6299991607666,23.5,21.989999771118164,5.389999866485596,
2023-09-01,8.183025360107422,198.99000549316406,,7.389999866485596,9.03600025177002,0.9599999785423279,265.6600036621094,7.650000095367432,22.199474334716797,2.9800000190734863,11.850000381469727,19.76426124572754,,6.369659423828125,16.149999618530273,12.890000343322754,77.95184326171875,14.808822631835938,1.2300000190734863,10.600000381469727,8.699999809265137,12.199999809265137,10.609999656677246,115.88999938964844,4.900000095367432,27.399999618530273,22.899999618530273,20.260000228881836,5.03000020980835,
2023-10-01,6.480226516723633,204.49000549316406,,7.380000114440918,7.559999942779541,0.9399999976158142,249.50999450683594,7.710000038146973,22.13334846496582,1.690000057220459,10.279999732971191,20.99591827392578,10.920000076293945,5.616791725158691,13.300000190734863,8.949999809265137,64.53280639648438,13.712969779968262,1.1299999952316284,10.854000091552734,6.599999904632568,12.800000190734863,6.420000076293945,92.18000030517578,4.400000095367432,25.670000076293945,22.75,15.760000228881836,5.309999942779541,
2023-11-01,7.879742622375488,229.8699951171875,,6.809999942779541,6.455999851226807,0.9700000286102295,282.7799987792969,6.480000019073486,23.96086883544922,1.350000023841858,9.5,21.727214813232422,12.25,8.152767181396484,12.270000457763672,8.5,69.04341888427734,20.268341064453125,1.25,5.889999866485596,7.190000057220459,13.399999618530273,8.699999809265137,105.37000274658203,5.550000190734863,28.06999969482422,21.329999923706055,24.049999237060547,4.110000133514404,
2023-12-01,8.884811401367188,258.3299865722656,,8.050000190734863,6.564000129699707,0.9599999785423279,346.6199951171875,7.730000019073486,27.057851791381836,1.6299999952316284,11.260000228881836,26.85624122619629,17.049999237060547,10.89885425567627,14.930000305175781,8.34000015258789,75.55567169189453,26.05819320678711,1.2899999618530273,5.03000020980835,5.949999809265137,16.700000762939453,8.25,132.27000427246094,5.25,28.860000610351562,25.34000015258789,36.86000061035156,3.5299999713897705,
